מהו גילך?,מגדר?,מה מספר המושבים ברכב הנוכחי?,סוג רישיון של הרכב שלך?,תיבת הילוכים ברכב?,יצרן של הרכב,דגם הרכב,תת דגם הרכב,שנת ייצור של הרכב,סוג מנוע,נפח מנוע,מחירון הרכב,הנעה,קטגורית הרכב,מרכב הרכב,סוג נסיעות שלך?,"האם הרכב משמש אותך לעבודה: ואם כן, לאיזה מטרות משמש?",מספר ילדים?,אזור מגורים?,כל כמה זמן את/ה נוהג/ת להחליף רכב?,מה סיבת ההחלפה בכל פעם?,האם תרצה/י לבחור ברכב חשמלי בעתיד?,מה הפרמטרים החשובים לך בבחירת סוג הרכב?
17-27,זכר,2,פרטי,ידני,סובארו,BRZ,קופה,2015,בנזין,2,"79,000",4X2,ספורט,קופה,משולב,לא,אין,צפון,בין 1-2 שנים,שידרוג רכב,לא,"שירות, אמינות"
28-40,נקבה,5,פרטי,אוטומט,הונדה,סיוויק האצ'בק החדשה,Sport,2009,בנזין,1.8,"25,000",4X2,משפחתי,האצ'בק,עירוני,לא,2,צפון,בין 1-2 שנים,אי שביעות רצון מהרכב הקודם,כן,"שירות, אמינות, בטיחות"
28-40,זכר,5,פרטי,ידני,טויוטה,קורולה,GLI,2013,בנזין,1.6,"35,400",4X2,משפחתי,סדאן,בין-עירוני,לא,1,דרום,בין 1-2 שנים,אי שביעות רצון מהרכב הקודם,כן,"שירות, אמינות, בטיחות"
17-27,נקבה,5,פרטי,אוטומט,טויוטה,קורולה,Sun,2006,בנזין,1.6,"13,700",4X2,משפחתי,סדאן,משולב,לא,אין,יהודה ושומרון ובקעת הירדן,בין 1-2 שנים,אי שביעות רצון מהרכב הקודם,כן,"מחיר, אמינות"
17-27,זכר,5,פרטי,אוטומט,יונדאי,אקסנט,GL,2010,בנזין,1.4,"12,500",4X2,משפחתי,סדאן,עירוני,לא,אין,מרכז,בין 1-2 שנים,אחר,כן,מחיר
17-27,זכר,5,פרטי,אוטומט,מאזדה,6,Luxury,2005,בנזין,2,"9,500",4X2,מנהלים,סדאן,משולב,לא,אין,צפון,בין 1-2 שנים,אי שביעות רצון מהרכב הקודם,כן,"מחיר, אמינות, גודל(גדול)"
40-60,זכר,5,מסחרי,ידני,סיטרואן,ברלינגו דור 2,Comfort PK,2014,דיזל,1.6,"32,800",4X2,מסחרי,קומבי,עירוני,העברת ציוד,2,שפלה ומישור החוף הדרומי,בין 1-2 שנים,שידרוג רכב,כן,"מחיר, אמינות"
40-60,זכר,3,מסחרי,ידני,סיטרואן,ברלינגו דור 2,Maxi,2015,דיזל,1.6,"38,900",4X2,מסחרי,קומבי,עירוני,העברת ציוד,2,צפון,בין 1-2 שנים,שידרוג רכב,כן,"מחיר, אמינות, גודל(גדול)"
28-40,זכר,5,מסחרי,אוטומט,פיאט,קובו,Active,2016,דיזל,1.2,"25,300",4X2,מסחרי,קומבי,משולב,העברת ציוד,1,צפון,בין 1-2 שנים,שידרוג רכב,כן,מחיר
28-40,זכר,5,פרטי,אוטומט,הונדה,סיוויק,Comfort,2008,בנזין,1.8,"21,500",4X2,משפחתי,סדאן,משולב,לא,אין,צפון,בין 3-5,שידרוג רכב,כן,אמינות
28-40,זכר,5,פרטי,ידני,פולקסווגן,פולו,Trendline,2008,בנזין,1.4,"13,000",4X2,מיני,האצ'בק,משולב,לא,1,צפון,בין 3-5,אחר,כן,אמינות
17-27,נקבה,5,פרטי,אוטומט,סוזוקי,סלריו,GLX,2017,בנזין,1,"36,800",4X2,מיני,האצ'בק,משולב,לא,אין,צפון,בין 3-5,שידרוג רכב,כן,"מחיר, אמינות, גודל(קטן)"
28-40,זכר,5,פרטי,אוטומט,מאזדה,3,Premium,2017,בנזין,2,"84,600",4X2,משפחתי,האצ'בק,עירוני,לא,2,צפון,בין 3-5,שידרוג רכב,כן,"שירות, אמינות, גודל(גדול)"
40-60,נקבה,7,פרטי,אוטומט,שברולט,טראוורס,LTZ,2018,בנזין,3.6,"155,300",4X4,ג'יפ,פנאי שטח,משולב,לא,3,שפלה ומישור החוף הדרומי,בין 3-5,שידרוג רכב,כן,"שירות, בטיחות, גודל(גדול)"
28-40,זכר,5,פרטי,אוטומט,רנו,מגאן גראנד קופה,Intense,2017,דיזל,1.5,"68,900",4X2,משפחתי,סדאן,משולב,לא,2,שפלה ומישור החוף הדרומי,בין 3-5,שידרוג רכב,כן,"אמינות, גודל(גדול)"
28-40,נקבה,5,פרטי,אוטומט,אופל,אסטרה,Enjoy Plus,2017,בנזין,1.4,"51,000",4X2,משפחתי,האצ'בק,משולב,לא,אין,צפון,בין 3-5,שידרוג רכב,כן,"שירות, אמינות, בטיחות"
28-40,זכר,5,פרטי,אוטומט,שברולט,ספארק,Premier,2020,בנזין,1.4,"63,100",4X2,מיני,האצ'בק,משולב,לא,אין,מרכז,בין 3-5,אי שביעות רצון מהרכב הקודם,כן,גודל(קטן)
40-60,זכר,7,פרטי,אוטומט,טויוטה,פריוס פלוס הייבריד,Regular,2021,בנזין,1.8,"135,300",4X2,משפחתי,סטיישן,משולב,לא,5,שפלה ומישור החוף הדרומי,בין 3-5,אי שביעות רצון מהרכב הקודם,לא,"שירות, אמינות, בטיחות, גודל(גדול)"
40-60,זכר,5,פרטי,אוטומט,קיה,ריו,LX,2015,בנזין,1.4,"35,000",4X2,משפחתי,האצ'בק,עירוני,לא,2,מרכז,בין 3-5,שידרוג רכב,כן,"שירות, מחיר"
28-40,זכר,5,פרטי,אוטומט,סקודה,אוקטביה,Elegance,2012,בנזין,1.8,"26,600",4X2,משפחתי,סדאן,עירוני,לא,2,מחוז ירושלים,בין 3-5,אי שביעות רצון מהרכב הקודם,כן,"אמינות, בטיחות, גודל(גדול)"
40-60,נקבה,5,פרטי,אוטומט,פורד,פוקוס,Trend,2012,בנזין,1.6,"14,800",4X2,משפחתי,סטיישן,בין-עירוני,לא,2,יהודה ושומרון ובקעת הירדן,בין 3-5,אי שביעות רצון מהרכב הקודם,כן,"מחיר, גודל(גדול)"
28-40,זכר,5,פרטי,אוטומט,פולקסווגן,גולף,Enjoy,2014,בנזין,1.2,"44,700",4X2,משפחתי,האצ'בק,עירוני,לא,אין,מחוז ירושלים,בין 3-5,שידרוג רכב,כן,"שירות, אמינות, בטיחות"
17-27,נקבה,5,פרטי,אוטומט,מאזדה,3,Active,2012,בנזין,1.6,"25,800",4X2,משפחתי,סדאן,משולב,לא,אין,דרום,בין 3-5,אי שביעות רצון מהרכב הקודם,כן,"מחיר, אמינות, בטיחות"
40-60,זכר,5,פרטי,אוטומט,טויוטה,קורולה,Sun,2017,בנזין,1.6,"68,500",4X2,משפחתי,סדאן,בין-עירוני,לא,3,דרום,בין 3-5,שידרוג רכב,כן,"אמינות, בטיחות, גודל(גדול)"
17-27,זכר,5,פרטי,אוטומט,סיאט,לאון,Style FL,2017,בנזין,1.4,"82,500",4X2,משפחתי,האצ'בק,עירוני,לא,אין,מרכז,בין 3-5,שידרוג רכב,כן,"שירות, אמינות, בטיחות"
17-27,נקבה,5,פרטי,אוטומט,קיה,פיקנטו,EX,2018,בנזין,1.2,"51,000",4X2,מיני,האצ'בק,עירוני,לא,אין,מרכז,בין 3-5,שידרוג רכב,כן,"שירות, אמינות, גודל(קטן)"
17-27,זכר,5,פרטי,ידני,סיאט,איביזה,FR,2016,בנזין,1,"52,100",4X2,מיני,האצ'בק,עירוני,לא,אין,מרכז,בין 3-5,שידרוג רכב,כן,"מחיר, אמינות, בטיחות"
17-27,נקבה,5,פרטי,אוטומט,סקודה,פאביה,Style,2015,בנזין,1.2,"55,200",4X2,מיני,האצ'בק,בין-עירוני,לא,אין,יהודה ושומרון ובקעת הירדן,בין 3-5,שידרוג רכב,כן,"שירות, אמינות, בטיחות"
17-27,נקבה,5,פרטי,אוטומט,קיה,פיקנטו,GT Line,2018,בנזין,1.2,"52,800",4X2,מיני,האצ'בק,בין-עירוני,לא,אין,שרון,בין 3-5,אי שביעות רצון מהרכב הקודם,כן,"שירות, אמינות, גודל(קטן)"
40-60,זכר,5,פרטי,אוטומט,סקודה,אוקטביה,Special Edition,2017,בנזין,1.8,"79,300",4X2,משפחתי,סדאן,משולב,לא,3,שרון,בין 3-5,שידרוג רכב,כן,"שירות, אמינות, בטיחות, גודל(גדול)"
28-40,זכר,5,פרטי,אוטומט,קיה,פורטה,LX,2011,בנזין,1.6,"21,000",4X2,משפחתי,סדאן,עירוני,לא,1,מרכז,בין 3-5,אי שביעות רצון מהרכב הקודם,כן,"שירות, מחיר, גודל(גדול)"
28-40,נקבה,5,פרטי,אוטומט,יונדאי,i30,Inspire,2011,בנזין,1.6,"21,200",4X2,משפחתי,האצ'בק,עירוני,לא,2,מרכז,בין 3-5,אי שביעות רצון מהרכב הקודם,כן,"שירות, מחיר, אמינות"
17-27,נקבה,5,פרטי,אוטומט,סיאט,איביזה,Style,2017,בנזין,1,"56,000",4X2,מיני,האצ'בק,משולב,לא,אין,מרכז,בין 3-5,שידרוג רכב,כן,"שירות, אמינות, בטיחות"
17-27,נקבה,5,פרטי,ידני,סיאט,איביזה,Reference,2012,בנזין,1.4,"20,200",4X2,מיני,האצ'בק,בין-עירוני,לא,אין,צפון,בין 3-5,שידרוג רכב,כן,"שירות, מחיר, אמינות, בטיחות"
17-27,זכר,5,פרטי,ידני,שברולט,ספארק,LS,2011,בנזין,1.2,"12,400",4X2,מיני,האצ'בק,עירוני,לא,אין,מחוז ירושלים,בין 3-5,אחר,כן,"שירות, מחיר, אמינות, גודל(קטן)"
40-60,זכר,5,פרטי,אוטומט,יונדאי,איוניק,Premium,2019,בנזין,1.6,"88,500",4X2,משפחתי,האצ'בק,בין-עירוני,לא,3,צפון,בין 3-5,אחר,כן,"שירות, אמינות, בטיחות"
28-40,זכר,5,פרטי,אוטומט,סקודה,אוקטביה,Ambition,2015,בנזין,1.2,"45,300",4X2,משפחתי,סדאן,משולב,לא,אין,צפון,בין 3-5,אי שביעות רצון מהרכב הקודם,כן,"שירות, אמינות, בטיחות, גודל(גדול)"
17-27,זכר,4,פרטי,אוטומט,פולקסווגן,שירוקו,Sport ES1,2012,בנזין,1.4,"49,900",4X2,ספורט,האצ'בק,משולב,לא,אין,מרכז,בין 3-5,שידרוג רכב,כן,"שירות, אמינות, בטיחות"
40-60,זכר,5,פרטי,אוטומט,ניסאן,קשקאי,Acenta Tech,2020,בנזין,1.3,"107,200",4X2,ג'יפ,פנאי שטח,משולב,לא,2,שרון,בין 3-5,שידרוג רכב,כן,"שירות, בטיחות, גודל(גדול)"
28-40,זכר,5,פרטי,אוטומט,הונדה,סיוויק סדאן החדשה,Comfort,2012,בנזין,1.8,"32,500",4X2,משפחתי,סדאן,עירוני,לא,1,מחוז ירושלים,בין 3-5,אי שביעות רצון מהרכב הקודם,כן,"שירות, אמינות, בטיחות, גודל(גדול)"
28-40,זכר,5,פרטי,אוטומט,סקודה,אוקטביה,Ambition,2015,בנזין,1.2,"45,300",4X2,משפחתי,סדאן,משולב,לא,2,צפון,בין 3-5,שידרוג רכב,כן,"שירות, אמינות, בטיחות, גודל(גדול)"
28-40,זכר,5,פרטי,אוטומט,מאזדה,3,Sport,2018,בנזין,2,"86,100",4X2,משפחתי,האצ'בק,משולב,לא,1,"חדרה, זכרון העמקים",בין 3-5,שידרוג רכב,כן,"שירות, אמינות, בטיחות"
17-27,נקבה,5,פרטי,אוטומט,יונדאי,i20,Inspire,2011,בנזין,1.4,"24,500",4X2,מיני,האצ'בק,בין-עירוני,לא,אין,"חדרה, זכרון העמקים",בין 3-5,אי שביעות רצון מהרכב הקודם,כן,"מחיר, אמינות, גודל(קטן)"
17-27,זכר,5,פרטי,אוטומט,פולקסווגן,גולף,Enjoy,2015,בנזין,1.2,"50,900",4X2,משפחתי,האצ'בק,משולב,לא,1,מחוז ירושלים,בין 3-5,שידרוג רכב,כן,"שירות, אמינות, בטיחות"
28-40,נקבה,5,פרטי,אוטומט,סקודה,ראפיד,Ambition,2017,בנזין,1.2,"45,700",4X2,משפחתי,סדאן,עירוני,לא,2,דרום,בין 3-5,אי שביעות רצון מהרכב הקודם,כן,"אמינות, בטיחות, גודל(גדול)"
28-40,נקבה,5,פרטי,אוטומט,הונדה,סיוויק האצ'בק החדשה,Comfort,2012,בנזין,1.8,"38,200",4X2,משפחתי,האצ'בק,עירוני,לא,2,דרום,בין 3-5,שידרוג רכב,כן,"אמינות, בטיחות, גודל(גדול)"
40-60,זכר,7,פרטי,אוטומט,סקודה,קודיאק,Ambition,2019,דיזל,2,"120,300",4X4,ג'יפ,פנאי שטח,משולב,לא,4,צפון,בין 3-5,הרחבת המשפחה,כן,"מחיר, אמינות, בטיחות, גודל(גדול)"
28-40,זכר,5,פרטי,אוטומט,מאזדה,3,Active,2013,בנזין,1.5,"43,400",4X2,משפחתי,סדאן,משולב,לא,3,דרום,בין 3-5,אי שביעות רצון מהרכב הקודם,כן,"שירות, מחיר, אמינות"
40-60,נקבה,7,פרטי,אוטומט,ניסאן,אקס טרייל,Tekna,2017,דיזל,1.6,"105,500",4X2,ג'יפ,פנאי שטח,עירוני,לא,5,צפון,בין 3-5,הרחבת המשפחה,כן,"שירות, אמינות, בטיחות, גודל(גדול)"
40-60,זכר,7,פרטי,אוטומט,סקודה,קודיאק,Exclusive,2018,בנזין,2,"127,400",4X4,ג'יפ,פנאי שטח,משולב,לא,4,צפון,בין 3-5,הרחבת המשפחה,כן,"שירות, אמינות, בטיחות, גודל(גדול)"
28-40,נקבה,5,פרטי,אוטומט,ניסאן,ניסאן,Acenta,2015,בנזין,1.6,"49,000",4X2,ג'יפ,האצ'בק,עירוני,לא,3,יהודה ושומרון ובקעת הירדן,בין 3-5,אי שביעות רצון מהרכב הקודם,כן,"אמינות, בטיחות, גודל(גדול)"
40-60,נקבה,5,פרטי,אוטומט,טויוטה,קורולה,Sun,2017,בנזין,1.6,"68,500",4X2,משפחתי,סדאן,בין-עירוני,לא,2,צפון,בין 3-5,שידרוג רכב,כן,"שירות, אמינות, בטיחות"
28-40,זכר,5,פרטי,אוטומט,פורד,פוקוס,Trend,2006,בנזין,1.6,"8,000",4X2,משפחתי,סדאן,עירוני,לא,1,דרום,בין 3-5,מצב כלכלי,כן,"מחיר, אמינות"
40-60,נקבה,5,פרטי,אוטומט,יונדאי,i10,Prime ,2021,בנזין,1.2,"69,200",4X2,מיני,האצ'בק,משולב,לא,2,צפון,בין 3-5,שידרוג רכב,כן,"אמינות, גודל(קטן)"
17-27,נקבה,5,פרטי,אוטומט,יונדאי,i30CW,Inspire,2010,בנזין,1.6,"17,200",4X2,משפחתי,סטיישן,עירוני,לא,2,דרום,בין 3-5,אי שביעות רצון מהרכב הקודם,כן,"שירות, מחיר, אמינות"
28-40,זכר,5,פרטי,ידני,דאצ'יה,דאסטר,Prestige,2015,בנזין,1.2,"30,600",4X2,קרוסאובר,פנאי שטח,בין-עירוני,העברת ציוד,2,דרום,בין 3-5,אחר,כן,"שירות, אמינות, בטיחות, גודל(גדול)"
17-27,נקבה,5,פרטי,אוטומט,סקודה,פאביה,Ambition,2013,בנזין,1.2,"29,100",4X2,מיני,האצ'בק,בין-עירוני,לא,אין,"חדרה, זכרון העמקים",בין 3-5,אי שביעות רצון מהרכב הקודם,כן,"מחיר, אמינות, בטיחות"
28-40,זכר,5,פרטי,אוטומט,פולקסווגן,פאסאט,Comfortline,2012,בנזין,1.8,"32,900",4X2,משפחתי,סדאן,בין-עירוני,לא,3,צפון,בין 3-5,אי שביעות רצון מהרכב הקודם,כן,"שירות, אמינות, בטיחות, גודל(גדול)"
40-60,זכר,5,פרטי,אוטומט,הונדה,סיוויק סדאן החדשה,Comfort,2015,בנזין,1.8,"55,300",4X2,משפחתי,סדאן,משולב,לא,2,צפון,בין 3-5,אי שביעות רצון מהרכב הקודם,כן,"שירות, אמינות, בטיחות, גודל(גדול)"
28-40,נקבה,4,פרטי,אוטומט,יונדאי,ולוסטר,Inspire,2014,בנזין,1.6,"47,400",4X2,מיני,האצ'בק,משולב,לא,אין,צפון,בין 3-5,שידרוג רכב,כן,"שירות, אמינות"
17-27,זכר,5,פרטי,אוטומט,סיאט,לאון,FR Plus,2018,בנזין,1.8,"128,300",4X2,ספורט,האצ'בק,עירוני,לא,אין,צפון,בין 3-5,שידרוג רכב,כן,"שירות, אמינות, בטיחות"
28-40,זכר,5,מסחרי,ידני,סיטרואן,ברלינגו דור 2,Comfort,2017,דיזל,1.6,"45,500",4X2,מסחרי,קומבי,בין-עירוני,העברת ציוד,2,"חדרה, זכרון העמקים",בין 3-5,אחר,כן,"שירות, אמינות, גודל(גדול)"
17-27,נקבה,4,פרטי,ידני,פיאט,500,My Pop,2015,בנזין,1.2,"22,000",4X2,מיני,האצ'בק,משולב,לא,אין,מרכז,בין 3-5,אי שביעות רצון מהרכב הקודם,כן,"אמינות, גודל(קטן)"
40-60,זכר,7,פרטי,אוטומט,מאזדה,5,Executive,2009,בנזין,2,"28,900",4X2,מיניוואן,האצ'בק,עירוני,לא,5,מחוז ירושלים,בין 3-5,הרחבת המשפחה,כן,"אמינות, בטיחות, גודל(גדול)"
17-27,זכר,4,פרטי,אוטומט,פיג'ו,RCZ,Premium,2013,בנזין,1.6,"67,800",4X2,ספורט,קופה,משולב,לא,אין,מחוז ירושלים,בין 3-5,שידרוג רכב,כן,אמינות
40-60,זכר,5,מסחרי,ידני,רנו,קנגו החדשה,Authentic,2018,דיזל,1.5,"53,200",4X2,מסחרי,קומבי,משולב,הסעת נוסעים,2,שפלה ומישור החוף הדרומי,בין 3-5,אחר,כן,"שירות, אמינות, גודל(גדול)"
40-60,זכר,7,מסחרי,ידני,פולקסווגן,טרנספורטר מסחרי/נוסעים,Kombi,2015,דיזל,2,"51,000",4X2,מסחרי,קומבי,משולב,הסעת נוסעים,2,צפון,בין 3-5,אחר,כן,"שירות, אמינות, גודל(גדול)"
40-60,זכר,5,מסחרי,ידני,דאצ'יה,דוקר,Ambiance,2018,דיזל,1.5,"46,600",4X2,מסחרי,קומבי,משולב,העברת ציוד,3,צפון,בין 3-5,אחר,כן,"אמינות, גודל(גדול)"
28-40,זכר,5,פרטי,אוטומט,פולקסווגן,שירוקו,Sport,2009,בנזין,2,"51,000",4X2,ספורט,האצ'בק,משולב,לא,1,מרכז,בין 3-5,שידרוג רכב,כן,"אמינות, בטיחות"
28-40,זכר,5,פרטי,אוטומט,סקודה,אוקטביה,Ambition,2014,בנזין,1.2,"41,200",4X2,משפחתי,סדאן,עירוני,לא,2,שפלה ומישור החוף הדרומי,בין 3-5,אי שביעות רצון מהרכב הקודם,כן,"שירות, אמינות, בטיחות"
17-27,זכר,4,פרטי,ידני,סקודה,סיטיגו ,Ambition,2013,בנזין,1,"15,600",4X2,מיני,האצ'בק,בין-עירוני,לא,אין,יהודה ושומרון ובקעת הירדן,בין 3-5,אחר,כן,"מחיר, גודל(קטן)"
28-40,זכר,5,פרטי,אוטומט,סוזוקי,סוויפט,GLS,2015,בנזין,1.2,"27,400",4X2,מיני,האצ'בק,בין-עירוני,לא,1,צפון,בין 3-5,מצב כלכלי,כן,"שירות, מחיר, גודל(קטן)"
28-40,נקבה,5,פרטי,אוטומט,יונדאי,i10,Supreme,2016,בנזין,1.2,"46,800",4X2,מיני,האצ'בק,עירוני,לא,1,שפלה ומישור החוף הדרומי,בין 3-5,אי שביעות רצון מהרכב הקודם,כן,גודל(קטן)
40-60,זכר,5,מסחרי,ידני,סיטרואן,ברלינגו,Comfort,2018,דיזל,1.6,"56,000",4X2,מסחרי,קומבי,משולב,העברת ציוד,2,שרון,בין 3-5,שידרוג רכב,כן,"שירות, אמינות, גודל(גדול)"
28-40,זכר,5,מסחרי,ידני,פיאט,קובו,Active,2014,דיזל,1.2,"19,300",4X2,מסחרי,קומבי,משולב,העברת ציוד,2,מרכז,בין 3-5,שידרוג רכב,כן,"שירות, אמינות, גודל(גדול)"
28-40,זכר,5,פרטי,אוטומט,סקודה,רומסטר,Style,2011,בנזין,1.2,"16,500",4X2,משפחתי,האצ'בק,משולב,העברת ציוד,2,שרון,בין 3-5,שידרוג רכב,כן,"אמינות, גודל(גדול)"
28-40,זכר,5,פרטי,אוטומט,ניסאן,מיקרה ,Visia,2019,בנזין,1.2,"44,100",4X2,מיני,האצ'בק,עירוני,לא,אין,צפון,בין 3-5,אי שביעות רצון מהרכב הקודם,כן,גודל(קטן)
28-40,נקבה,5,פרטי,אוטומט,מאזדה,2,Active,2011,בנזין,1.5,"18,200",4X2,מיני,סדאן,עירוני,לא,2,"חדרה, זכרון העמקים",בין 3-5,אי שביעות רצון מהרכב הקודם,כן,"מחיר, אמינות"
28-40,זכר,5,פרטי,אוטומט,אלפא רומיאו,מיטו,Veloce,2019,בנזין,1.4,"100,600",4X2,ספורט,האצ'בק,עירוני,לא,אין,צפון,בין 3-5,שידרוג רכב,כן,גודל(קטן)
40-60,זכר,7,פרטי,אוטומט,סיטרואן,C4 פיקאסו,Comfort PK ,2016,בנזין,1.6,"46,700",4X2,מיניוואן,סטיישן,עירוני,לא,4,מחוז ירושלים,בין 3-5,אי שביעות רצון מהרכב הקודם,כן,"מחיר, גודל(גדול)"
40-60,זכר,5,פרטי,אוטומט,מיצובישי,אאוטלנדר,Intense,2020,בנזין,2,"110,400",4X2,קרוסאובר,פנאי שטח,בין-עירוני,לא,2,"חדרה, זכרון העמקים",בין 3-5,אי שביעות רצון מהרכב הקודם,כן,"אמינות, בטיחות, גודל(גדול)"
17-27,זכר,5,פרטי,אוטומט,סובארו,B4,R,2008,בנזין,2,"12,500",4X4,משפחתי,סדאן,עירוני,לא,אין,מרכז,בין 3-5,אי שביעות רצון מהרכב הקודם,כן,"אמינות, גודל(גדול)"
28-40,זכר,7,פרטי,אוטומט,מאזדה,5,Executive,2009,בנזין,2,"32,000",4X2,מיניוואן,סדאן,עירוני,לא,4,מרכז,בין 3-5,הרחבת המשפחה,כן,"מחיר, גודל(גדול)"
17-27,זכר,5,פרטי,ידני,יונדאי,i10,Insight,2017,בנזין,1,"34,700",4X2,מיני,האצ'בק,עירוני,לא,אין,דרום,בין 3-5,אי שביעות רצון מהרכב הקודם,כן,גודל(קטן)
28-40,נקבה,5,פרטי,אוטומט,סוזוקי,סוויפט,GLX,2010,בנזין,1.5,"25,000",4X2,מיני,האצ'בק,עירוני,לא,1,צפון,בין 3-5,אי שביעות רצון מהרכב הקודם,כן,"מחיר, אמינות, גודל(קטן)"
17-27,נקבה,5,פרטי,אוטומט,קיה,פיקנטו,EX,2014,בנזין,1.2,"38,900",4X2,מיני,האצ'בק,עירוני,לא,אין,מרכז,בין 3-5,אי שביעות רצון מהרכב הקודם,כן,"מחיר, אמינות, גודל(קטן)"
40-60,זכר,5,פרטי,אוטומט,מאזדה,CX-5,Luxury,2013,בנזין,2,"61,800",4X2,ג'יפ,פנאי שטח,משולב,לא,2,"חדרה, זכרון העמקים",בין 3-5,שידרוג רכב,כן,"אמינות, גודל(גדול)"
40-60,זכר,2,מסחרי,אוטומט,פולקסווגן,טרנספורטר מסחרי/נוסעים,Kombi,2010,דיזל,2.5,"28,400",4X2,מסחרי,קומבי,בין-עירוני,העברת ציוד,2,צפון,בין 3-5,אי שביעות רצון מהרכב הקודם,כן,"שירות, אמינות, גודל(גדול)"
28-40,נקבה,5,פרטי,אוטומט,רנו,מגאן גראנד קופה,Intense,2019,בנזין,1.3,"79,800",4X2,משפחתי,סדאן,משולב,לא,2,מרכז,בין 3-5,שידרוג רכב,כן,"אמינות, גודל(גדול)"
17-27,זכר,5,פרטי,אוטומט,מאזדה,3,Active,2008,בנזין,1.6,"13,000",4X2,משפחתי,סדאן,עירוני,לא,2,מרכז,בין 3-5,שידרוג רכב,כן,"מחיר, אמינות"
40-60,זכר,5,פרטי,אוטומט,סקודה,ייטי,Ambition,2012,בנזין,1.2,"26,400",4X4,קרוסאובר,פנאי שטח,משולב,העברת ציוד,2,שפלה ומישור החוף הדרומי,בין 3-5,אי שביעות רצון מהרכב הקודם,כן,"שירות, מחיר, אמינות, גודל(גדול)"
17-27,זכר,5,פרטי,אוטומט,יונדאי,גטס,GLI,2008,בנזין,1.4,"9,100",4X2,מיני,האצ'בק,עירוני,לא,אין,צפון,בין 3-5,מצב כלכלי,כן,"מחיר, גודל(קטן)"
28-40,זכר,4,פרטי,אוטומט,סוזוקי,ג'ימני,GLX,2021,בנזין,1.5,"122,500",4X4,ג'יפ,פנאי שטח,משולב,לא,2,צפון,בין 3-5,שידרוג רכב,לא,"שירות, אמינות, גודל(קטן)"
40-60,זכר,5,פרטי,אוטומט,יונדאי,איוניק,Supreme,2019,בנזין,1.6,"105,700",4X2,משפחתי,האצ'בק,משולב,לא,4,מרכז,בין 3-5,שידרוג רכב,כן,"שירות, אמינות"
40-60,זכר,5,פרטי,אוטומט,סיטרואן,ברלינגו דור 3,Shine,2020,דיזל,1.5,"96,200",4X2,מסחרי,קומבי,משולב,העברת ציוד,2,מרכז,בין 3-5,שידרוג רכב,כן,"שירות, אמינות, גודל(גדול)"
40-60,נקבה,5,פרטי,אוטומט,סוזוקי,ויטרה,GLXV T2,2017,בנזין,1.6,"79,300",4X4,קרוסאובר,פנאי שטח,עירוני,לא,3,דרום,בין 3-5,שידרוג רכב,כן,"שירות, אמינות"
40-60,זכר,5,פרטי,אוטומט,פיג'ו,3008,Active Blue Hdi,2017,דיזל,1.6,"90,900",4X2,קרוסאובר,פנאי שטח,עירוני,לא,2,מרכז,בין 3-5,שידרוג רכב,כן,"אמינות, בטיחות, גודל(גדול)"
28-40,זכר,5,פרטי,אוטומט,לקסוס,NX,NX300H Premium,2018,היברידי,2.5,"148,300",4X4,ג'יפ,פנאי שטח,משולב,לא,2,מרכז,בין 3-5,שידרוג רכב,כן,"שירות, אמינות, גודל(גדול)"
28-40,נקבה,5,פרטי,אוטומט,סובארו,XV,Crosstrek,2019,בנזין,2,"110,300",4X4,קרוסאובר,פנאי שטח,משולב,לא,2,צפון,בין 3-5,שידרוג רכב,כן,"אמינות, בטיחות, גודל(גדול)"
28-40,זכר,5,פרטי,אוטומט,לקסוס,IS300h,Luxury,2019,בנזין,2.5,"146,000",4X2,מנהלים,סדאן,עירוני,לא,1,צפון,בין 3-5,שידרוג רכב,כן,גודל(גדול)
28-40,זכר,7,פרטי,ידני,דאצ'יה,לודג'י,Laureate,2017,בנזין,1.2,"36,500",4X2,מיניוואן,פנאי שטח,עירוני,לא,6,מחוז ירושלים,בין 3-5,הרחבת המשפחה,כן,"מחיר, גודל(גדול)"
40-60,נקבה,7,פרטי,אוטומט,שברולט,טראוורס,LTZ,2018,בנזין,3.6,"155,300",4X4,ג'יפ,פנאי שטח,משולב,לא,3,שפלה ומישור החוף הדרומי,בין 3-5,שידרוג רכב,כן,"שירות, בטיחות, גודל(גדול)"
17-27,נקבה,5,פרטי,אוטומט,קיה,פיקנטו,EX,2017,בנזין,1.2,"58,100",4X2,מיני,האצ'בק,משולב,לא,אין,צפון,בין 3-5,שידרוג רכב,כן,"אמינות, גודל(קטן)"
40-60,זכר,5,מסחרי,ידני,רנו,קנגו החדשה,Authentic,2018,דיזל,1.5,"53,200",4X2,מסחרי,קומבי,משולב,העברת ציוד,2,מרכז,בין 3-5,אחר,כן,אמינות
17-27,זכר,4,פרטי,ידני,סקודה,סיטיגו ,Ambition,2013,בנזין,1,"15,600",4X2,מיני,האצ'בק,בין-עירוני,לא,אין,יהודה ושומרון ובקעת הירדן,בין 3-5,אחר,כן,"מחיר, גודל(קטן)"
28-40,זכר,5,מסחרי,ידני,פיאט,קובו,Active,2014,דיזל,1.2,"19,300",4X2,מסחרי,קומבי,משולב,העברת ציוד,2,מרכז,בין 3-5,שידרוג רכב,כן,"שירות, אמינות, גודל(גדול)"
17-27,זכר,4,פרטי,אוטומט,פיג'ו,RCZ,Premium,2013,בנזין,1.6,"67,800",4X2,ספורט,קופה,משולב,לא,אין,מחוז ירושלים,בין 3-5,שידרוג רכב,כן,אמינות
17-27,זכר,5,פרטי,ידני,יונדאי,i10,Insight,2017,בנזין,1,"34,700",4X2,מיני,האצ'בק,עירוני,לא,אין,יהודה ושומרון ובקעת הירדן,בין 3-5,אי שביעות רצון מהרכב הקודם,כן,גודל(קטן)
17-27,נקבה,5,פרטי,אוטומט,יונדאי,i30CW,Inspire,2010,בנזין,1.6,"17,200",4X2,משפחתי,סטיישן,עירוני,לא,2,דרום,בין 3-5,אי שביעות רצון מהרכב הקודם,כן,"שירות, מחיר, אמינות, בטיחות"
28-40,נקבה,5,פרטי,אוטומט,יונדאי,i30,Inspire,2011,בנזין,1.6,"21,200",4X2,משפחתי,האצ'בק,עירוני,לא,2,מרכז,בין 3-5,אי שביעות רצון מהרכב הקודם,כן,"מחיר, אמינות, בטיחות"
40-60,זכר,8,מסחרי,אוטומט,פולקסווגן,טרנספורטר,Kombi ארוך,2011,דיזל,2,"38,900",4X2,מסחרי,קומבי,משולב,הסעת נוסעים,2,צפון,בין 3-5,שידרוג רכב,כן,"אמינות, גודל(גדול)"
28-40,זכר,5,מסחרי,ידני,סיטרואן,ברלינגו דור 2,MLS Comf PK,2018,דיזל,1.6,"63,000",4X2,מסחרי,קומבי,משולב,העברת ציוד,3,דרום,בין 3-5,שידרוג רכב,כן,"אמינות, גודל(גדול)"
28-40,זכר,5,מסחרי,אוטומט,פולקסווגן,קאדי,Startline,2014,דיזל,1.6,"32,300",4X2,מסחרי,קומבי,משולב,העברת ציוד,2,צפון,בין 3-5,שידרוג רכב,כן,"אמינות, גודל(גדול)"
40-60,זכר,5,מסחרי,ידני,רנו,קנגו ,Authentic,2015,דיזל,1.5,"32,500",4X2,מסחרי,קומבי,עירוני,העברת ציוד,2,מרכז,בין 3-5,שידרוג רכב,כן,"מחיר, אמינות, גודל(גדול)"
40-60,זכר,5,פרטי,אוטומט,מאזדה,6,Luxury,2017,בנזין,2,"84,900",4X2,מנהלים,סדאן,משולב,לא,2,צפון,בין 3-5,שידרוג רכב,כן,"אמינות, בטיחות, גודל(גדול)"
40-60,זכר,5,מסחרי,ידני,דאצ'יה,דוקר,Ambiance,2018,דיזל,1.5,"47,700",4X2,מסחרי,קומבי,משולב,העברת ציוד,2,דרום,בין 3-5,שידרוג רכב,כן,"מחיר, אמינות, גודל(גדול)"
40-60,זכר,5,מסחרי,אוטומט,סיטרואן,ברלינגו דור 3,Live,2019,דיזל,1.5,"71,400",4X2,מסחרי,קומבי,עירוני,העברת ציוד,2,צפון,בין 3-5,שידרוג רכב,כן,"שירות, אמינות, גודל(גדול)"
40-60,זכר,5,מסחרי,ידני,דאצ'יה,דוקר,Ambiance,2016,בנזין,1.2,"27,400",4X2,מסחרי,קומבי,עירוני,העברת ציוד,2,דרום,בין 3-5,שידרוג רכב,כן,"מחיר, אמינות, גודל(גדול)"
40-60,זכר,7,מסחרי,ידני,רנו,קנגו החדשה,Zen Long,2017,דיזל,1.5,"55,800",4X2,מסחרי,קומבי,עירוני,הסעת נוסעים,3,מרכז,בין 3-5,שידרוג רכב,כן,"אמינות, גודל(גדול)"
28-40,זכר,7,פרטי,אוטומט,מאזדה,5,Executive,2009,בנזין,2,"32,000",4X2,מיניוואן,סדאן,עירוני,לא,4,מרכז,בין 3-5,הרחבת המשפחה,כן,"מחיר, גודל(גדול)"
40-60,נקבה,5,פרטי,אוטומט,רנו,קפצ'ור,Executive,2021,בנזין,1.3,"107,700",4X2,קרוסאובר,האצ'בק,עירוני,לא,2,צפון,בין 3-5,שידרוג רכב,כן,"אמינות, בטיחות"
28-40,זכר,5,פרטי,אוטומט,סקודה,ייטי,Adventure,2013,בנזין,1.2,"33,000",4X2,קרוסאובר,פנאי שטח,בין-עירוני,העברת ציוד,1,צפון,בין 3-5,שידרוג רכב,כן,"מחיר, אמינות, בטיחות, גודל(גדול)"
40-60,זכר,5,פרטי,ידני,דאצ'יה,דאסטר,Laureate,2016,בנזין,1.2,"39,500",4X4,קרוסאובר,פנאי שטח,משולב,העברת ציוד,2,"חדרה, זכרון העמקים",בין 3-5,שידרוג רכב,כן,"מחיר, אמינות, בטיחות, גודל(גדול)"
40-60,זכר,5,פרטי,ידני,דאצ'יה,סנדרו,Laureate,2015,בנזין,0.9,"26,500",4X2,קרוסאובר,האצ'בק,עירוני,העברת ציוד,2,דרום,בין 3-5,שידרוג רכב,כן,"מחיר, אמינות, גודל(גדול)"
17-27,נקבה,5,פרטי,ידני,פולקסווגן,פולו,יאנג,2012,בנזין,1.4,"27,000",4X2,מיני,האצ'בק,משולב,לא,אין,צפון,מעל 5 שנים,שידרוג רכב,כן,"שירות, מחיר, אמינות, בטיחות"
28-40,נקבה,5,פרטי,אוטומט,יונדאי,I20,Inspire,2012,בנזין,1.4,"22,300",4X2,מיני,האצ'בק,עירוני,לא,2,צפון,מעל 5 שנים,שידרוג רכב,כן,"מחיר, גודל(קטן)"
17-27,נקבה,5,פרטי,אוטומט,סוזוקי,ספלאש,GLS,2013,בנזין,1.2,"26,000",4X2,מיני,האצ'בק,משולב,לא,אין,צפון,מעל 5 שנים,שידרוג רכב,לא,"מחיר, אמינות, גודל(קטן)"
17-27,נקבה,5,פרטי,אוטומט,קיה,פיקנטו,LX,2017,בנזין,1.2,"48,200",4X2,מיני,האצ'בק,משולב,לא,אין,צפון,מעל 5 שנים,אחר,כן,"אמינות, בטיחות, גודל(קטן)"
17-27,נקבה,5,פרטי,אוטומט,ניסאן,מיקרה,Visia,2012,בנזין,1.2,"23,500",4X2,מיני,האצ'בק,עירוני,לא,אין,צפון,מעל 5 שנים,אחר,כן,"מחיר, אמינות, גודל(קטן)"
28-40,זכר,5,פרטי,אוטומט,הונדה,סיוויק האצ'בק החדשה,"	Comfort",2018,בנזין,1.8,"50,000",4X2,משפחתי,האצ'בק,עירוני,לא,אין,מרכז,מעל 5 שנים,אי שביעות רצון מהרכב הקודם,כן,"שירות, מחיר, אמינות, בטיחות"
60+,זכר,5,פרטי,ידני,דאצ'יה,סנדרו Stepway,Laureate,2020,דיזל,1.5,"62,600",4X2,משפחתי,האצ'בק,בין-עירוני,העברת ציוד,2,דרום,מעל 5 שנים,שידרוג רכב,כן,"מחיר, אמינות"
17-27,נקבה,5,פרטי,אוטומט,מאזדה,3,Comfort,2014,בנזין,1.5,"52,400",4X2,משפחתי,סדאן,משולב,לא,אין,מרכז,מעל 5 שנים,שידרוג רכב,כן,"שירות, אמינות, בטיחות"
17-27,זכר,5,פרטי,אוטומט,מאזדה,2,Active,2014,בנזין,1.5,"32,000",4X2,מיני,האצ'בק,משולב,לא,1,מחוז ירושלים,מעל 5 שנים,שידרוג רכב,כן,"שירות, מחיר, אמינות, גודל(קטן)"
17-27,זכר,5,פרטי,אוטומט,הונדה,ג'אז,Trend,2019,בנזין,1.3,"68,000",4X2,מיני,האצ'בק,משולב,לא,אין,מרכז,מעל 5 שנים,אי שביעות רצון מהרכב הקודם,כן,"שירות, אמינות, בטיחות"
60+,זכר,5,פרטי,אוטומט,יונדאי,איוניק,Premium,2017,בנזין,1.6,"73,700",4X2,משפחתי,האצ'בק,משולב,לא,2,צפון,מעל 5 שנים,שידרוג רכב,כן,"אמינות, בטיחות"
60+,נקבה,5,פרטי,אוטומט,רנו,קדגא'ר,Intense,2016,דיזל,1.5,"55,000",4X2,ג'יפ,פנאי שטח,בין-עירוני,לא,3,צפון,מעל 5 שנים,שידרוג רכב,כן,"אמינות, בטיחות"
28-40,זכר,5,פרטי,אוטומט,דייהטסו,טריוס,SX,2008,בנזין,1.5,"18,300",4X4,ג'יפ,האצ'בק,משולב,לא,1,דרום,מעל 5 שנים,אי שביעות רצון מהרכב הקודם,כן,"מחיר, אמינות, גודל(קטן)"
28-40,נקבה,5,פרטי,אוטומט,יונדאי,טוסון,Arizona,2008,בנזין,2.7,"20,500",4X4,ג'יפ,פנאי שטח,עירוני,לא,1,מרכז,מעל 5 שנים,אי שביעות רצון מהרכב הקודם,כן,"אמינות, בטיחות, גודל(גדול)"
40-60,זכר,7,פרטי,אוטומט,מיצובישי,אאוטלנדר,Intense,2018,בנזין,2,"100,000",4X2,ג'יפ,פנאי שטח,עירוני,לא,4,מרכז,מעל 5 שנים,הרחבת המשפחה,כן,"אמינות, בטיחות, גודל(גדול)"
60+,זכר,5,פרטי,אוטומט,סוזוקי,איגניס,GLX,2018,בנזין,1.2,"58,200",4X2,משפחתי,האצ'בק,עירוני,לא,3,שרון,מעל 5 שנים,שידרוג רכב,כן,"שירות, אמינות"
40-60,זכר,5,פרטי,אוטומט,סקודה,אוקטביה,Elegance,2013,בנזין,1.8,"30,400",4X2,משפחתי,סדאן,עירוני,לא,3,מחוז ירושלים,מעל 5 שנים,שידרוג רכב,כן,"אמינות, בטיחות, גודל(גדול)"
28-40,זכר,5,פרטי,אוטומט,סקודה,סופרב,Ambition,2011,בנזין,1.8,"28,800",4X2,משפחתי,סדאן,בין-עירוני,לא,3,דרום,מעל 5 שנים,אי שביעות רצון מהרכב הקודם,כן,"אמינות, בטיחות, גודל(גדול)"
40-60,נקבה,5,פרטי,אוטומט,יונדאי,איוניק,Premium,2017,היברידי,1.6,"73,700",4X2,משפחתי,האצ'בק,בין-עירוני,לא,3,דרום,מעל 5 שנים,שידרוג רכב,כן,"שירות, אמינות"
40-60,זכר,5,פרטי,אוטומט,פיג'ו,3008,Active AS,2020,בנזין,1.6,"109,600",4X2,ג'יפ,פנאי שטח,משולב,לא,2,צפון,מעל 5 שנים,שידרוג רכב,כן,"אמינות, בטיחות, גודל(גדול)"
40-60,זכר,5,פרטי,אוטומט,יונדאי,i25,Inspire,2014,בנזין,1.4,"31,200",4X2,משפחתי,סדאן,עירוני,לא,2,מרכז,מעל 5 שנים,שידרוג רכב,כן,"שירות, אמינות, גודל(גדול)"
28-40,נקבה,4,פרטי,אוטומט,פיאט,500,Lounge,2016,בנזין,1.2,"36,600",4X2,מיני,האצ'בק,עירוני,לא,אין,שרון,מעל 5 שנים,שידרוג רכב,כן,"מחיר, אמינות, גודל(קטן)"
40-60,נקבה,5,פרטי,אוטומט,קיה,נירו הייבריד,EX,2018,בנזין,1.6,"87,700",4X2,ג'יפ,פנאי שטח,משולב,לא,3,שרון,מעל 5 שנים,הרחבת המשפחה,כן,"אמינות, בטיחות, גודל(גדול)"
40-60,נקבה,5,פרטי,אוטומט,הונדה,CR-V,Comfort,2014,בנזין,2,"62,800",4X4,ג'יפ,פנאי שטח,משולב,לא,4,יהודה ושומרון ובקעת הירדן,מעל 5 שנים,שידרוג רכב,כן,"אמינות, בטיחות, גודל(גדול)"
40-60,זכר,7,פרטי,אוטומט,סקודה , קודיאק,Exclusive,2019,דיזל,2,"141,500",4X4,ג'יפ,פנאי שטח,משולב,לא,5,"חדרה, זכרון העמקים",מעל 5 שנים,הרחבת המשפחה,כן,"שירות, אמינות, בטיחות, גודל(גדול)"
40-60,נקבה,5,פרטי,אוטומט,מאזדה,CX-30,Executive,2021,בנזין,2,"133,500",4X2,ג'יפ,פנאי שטח,עירוני,לא,3,"חדרה, זכרון העמקים",מעל 5 שנים,שידרוג רכב,כן,"אמינות, בטיחות, גודל(גדול)"
40-60,נקבה,5,פרטי,אוטומט,פיג'ו,3008,Premium,2019,בנזין,1.2,"113,900",4X2,ג'יפ,פנאי שטח,עירוני,לא,3,דרום,מעל 5 שנים,שידרוג רכב,כן,"שירות, אמינות, בטיחות, גודל(גדול)"
28-40,זכר,5,פרטי,אוטומט,ניסאן,קשקאי,Visia,2016,בנזין,1.2,"60,700",4X2,ג'יפ,פנאי שטח,משולב,לא,3,דרום,מעל 5 שנים,אי שביעות רצון מהרכב הקודם,כן,"שירות, אמינות, בטיחות, גודל(גדול)"
28-40,נקבה,5,פרטי,אוטומט,מיצובישי,אאוטלנדר,Instyle,2013,בנזין,2,"48,100",4X2,ג'יפ,פנאי שטח,משולב,לא,2,דרום,מעל 5 שנים,שידרוג רכב,כן,"אמינות, בטיחות, גודל(גדול)"
40-60,זכר,5,פרטי,אוטומט,פולקסווגן ,ג'טה,Trendline,2015,בנזין,1.2,"41,100",4X2,משפחתי,סדאן,עירוני,לא,2,דרום,מעל 5 שנים,מצב כלכלי,כן,"מחיר, אמינות, בטיחות, גודל(גדול)"
40-60,נקבה,5,פרטי,אוטומט,קיה,ספורטז',Premium GT,2017,בנזין,1.6,"97,700",4X4,ג'יפ,פנאי שטח,עירוני,לא,3,דרום,מעל 5 שנים,שידרוג רכב,כן,"אמינות, בטיחות, גודל(גדול)"
28-40,זכר,5,פרטי,אוטומט,טויוטה,קורולה הייבריד,Sense,2019,בנזין,1.8,"102,200",4X2,משפחתי,סדאן,בין-עירוני,לא,2,מרכז,מעל 5 שנים,שידרוג רכב,כן,"שירות, אמינות, בטיחות, גודל(גדול)"
28-40,נקבה,5,פרטי,אוטומט,קיה,נירו הייבריד,EX,2018,בנזין,1.6,"87,700",4X2,ג'יפ,פנאי שטח,עירוני,לא,3,דרום,מעל 5 שנים,שידרוג רכב,כן,"אמינות, בטיחות, גודל(גדול)"
40-60,נקבה,5,פרטי,אוטומט,רנו,קדגא'ר,Life,2017,דיזל,1.5,"59,200",4X2,ג'יפ,פנאי שטח,משולב,לא,2,שפלה ומישור החוף הדרומי,מעל 5 שנים,שידרוג רכב,כן,"שירות, מחיר, אמינות"
40-60,נקבה,5,פרטי,אוטומט,טויוטה,יאריס הייבריד,Style,2016,בנזין,1.5,"57,800",4X2,מיני,האצ'בק,עירוני,לא,2,צפון,מעל 5 שנים,שידרוג רכב,כן,"שירות, אמינות, גודל(קטן)"
40-60,זכר,5,פרטי,אוטומט,יונדאי,i25,Inspire,2014,בנזין,1.4,"31,200",4X2,משפחתי,סדאן,עירוני,לא,2,דרום,מעל 5 שנים,שידרוג רכב,כן,"שירות, אמינות, גודל(גדול)"
28-40,נקבה,5,פרטי,אוטומט,מאזדה,3,Premium,2017,בנזין,2,"84,800",4X2,משפחתי,סדאן,משולב,לא,3,צפון,מעל 5 שנים,שידרוג רכב,כן,"שירות, אמינות, בטיחות, גודל(גדול)"
28-40,נקבה,5,פרטי,אוטומט,קיה,ספורטז',Urban,2017,בנזין,1.6,"80,000",4X2,ג'יפ,פנאי שטח,עירוני,לא,3,צפון,מעל 5 שנים,שידרוג רכב,כן,"אמינות, בטיחות, גודל(גדול)"
28-40,נקבה,5,פרטי,אוטומט,ניסאן,קשקאי,Visia,2016,בנזין,1.2,"60,700",4X2,ג'יפ,פנאי שטח,עירוני,לא,3,"חדרה, זכרון העמקים",מעל 5 שנים,שידרוג רכב,כן,"שירות, אמינות, בטיחות, גודל(גדול)"
60+,זכר,5,פרטי,אוטומט,יודנאי,איוניק,Premium,2019,בנזין,1.6,"88,500",4X2,משפחתי,האצ'בק,משולב,לא,2,שפלה ומישור החוף הדרומי,מעל 5 שנים,אחר,כן,"אמינות, בטיחות, גודל(גדול)"
40-60,זכר,5,פרטי,אוטומט,מאזדה,3,Comfort,2017,בנזין,2,"77,400",4X2,משפחתי,האצ'בק,משולב,לא,2,מחוז ירושלים,מעל 5 שנים,אי שביעות רצון מהרכב הקודם,כן,"אמינות, בטיחות, גודל(גדול)"
17-27,זכר,5,פרטי,אוטומט,סיאט,לאון,FR Plus,2018,בנזין,1.8,"128,000",4X2,מיני,האצ'בק,בין-עירוני,לא,אין,מחוז ירושלים,מעל 5 שנים,אי שביעות רצון מהרכב הקודם,כן,"שירות, אמינות"
17-27,זכר,5,פרטי,אוטומט,פולקסווגן,גולף,GTI,2015,בנזין,2,"75,500",4X2,ספורט,האצ'בק,עירוני,לא,אין,מרכז,מעל 5 שנים,שידרוג רכב,כן,"שירות, אמינות, בטיחות"
40-60,זכר,5,פרטי,אוטומט,טויוטה,אוריס הייבריד,TS Sky,2015,בנזין,1.8,"57,200",4X2,משפחתי,סטיישן,בין-עירוני,לא,3,יהודה ושומרון ובקעת הירדן,מעל 5 שנים,שידרוג רכב,כן,"אמינות, בטיחות, גודל(גדול)"
40-60,נקבה,5,פרטי,אוטומט,מאזדה,CX-3,Sport,2018,בנזין,2,"80,000",4X2,קרוסאובר,פנאי שטח,בין-עירוני,לא,2,יהודה ושומרון ובקעת הירדן,מעל 5 שנים,שידרוג רכב,לא,"אמינות, בטיחות, גודל(גדול)"
28-40,נקבה,5,פרטי,אוטומט,סוזוקי,SX4 קרוסאובר,GLX,2015,בנזין,1.6,"57,200",4X2,קרוסאובר,האצ'בק,עירוני,לא,2,צפון,מעל 5 שנים,אי שביעות רצון מהרכב הקודם,כן,"שירות, מחיר, אמינות"
17-27,נקבה,5,פרטי,ידני,סיאט,איביזה,Reference,2012,בנזין,1.4,"20,200",4X2,מיני,האצ'בק,בין-עירוני,לא,אין,צפון,מעל 5 שנים,אחר,כן,"מחיר, אמינות, בטיחות"
17-27,נקבה,5,פרטי,אוטומט,דייהטסו,סיריון,CX,2007,בנזין,1.3,"11,700",4X2,מיני,האצ'בק,עירוני,לא,אין,צפון,מעל 5 שנים,מצב כלכלי,כן,"שירות, מחיר, אמינות"
28-40,זכר,5,פרטי,אוטומט,סקודה,אוקטביה,Ambiente,2011,בנזין,1.2,"23,300",4X2,משפחתי,סדאן,בין-עירוני,לא,2,דרום,מעל 5 שנים,שידרוג רכב,כן,"אמינות, בטיחות, גודל(גדול)"
40-60,נקבה,7,פרטי,אוטומט,יונדאי,סנטה פה,Premium,2017,בנזין,2.4,"126,900",4X4,ג'יפ,פנאי שטח,עירוני,לא,5,צפון,מעל 5 שנים,הרחבת המשפחה,כן,"שירות, אמינות, בטיחות, גודל(גדול)"
28-40,נקבה,5,פרטי,אוטומט,סוזוקי,סוויפט,GLX,2012,בנזין,1.2,"30,700",4X2,מיני,האצ'בק,משולב,לא,1,צפון,מעל 5 שנים,שידרוג רכב,כן,"שירות, אמינות, בטיחות"
40-60,זכר,7,פרטי,אוטומט,קיה,סורנטו,EX,2015,בנזין,2.4,"72,900",4X2,ג'יפ,פנאי שטח,משולב,לא,5,צפון,מעל 5 שנים,הרחבת המשפחה,כן,"אמינות, בטיחות, גודל(גדול)"
40-60,נקבה,5,פרטי,אוטומט,רנו,פלואנס,Comfort,2013,דיזל,1.5,"21,000",4X2,משפחתי,סדאן,בין-עירוני,לא,2,צפון,מעל 5 שנים,אי שביעות רצון מהרכב הקודם,כן,"שירות, מחיר, אמינות"
40-60,נקבה,5,פרטי,אוטומט,מאזדה,2,Active,2010,בנזין,1.5,"20,500",4X2,מיני,האצ'בק,עירוני,לא,2,מרכז,מעל 5 שנים,אי שביעות רצון מהרכב הקודם,כן,"אמינות, גודל(קטן)"
28-40,זכר,5,פרטי,אוטומט,יונדאי,i35,Supreme,2013,בנזין,1.6,"44,500",4X2,משפחתי,סדאן,בין-עירוני,לא,2,צפון,מעל 5 שנים,שידרוג רכב,כן,"אמינות, גודל(גדול)"
40-60,נקבה,5,פרטי,אוטומט,קיה,ספורטז',Urban,2018,בנזין,1.6,"92,800",4X2,ג'יפ,פנאי שטח,משולב,לא,3,צפון,מעל 5 שנים,אי שביעות רצון מהרכב הקודם,כן,"אמינות, בטיחות, גודל(גדול)"
60+,זכר,5,פרטי,אוטומט,טויוטה,RAV4 ארוך,GLI,2014,בנזין,2,"62,000",4X4,ג'יפ,פנאי שטח,משולב,לא,2,צפון,מעל 5 שנים,שידרוג רכב,כן,"אמינות, בטיחות, גודל(גדול)"
40-60,זכר,5,פרטי,אוטומט,יונדאי,איוניק,Supreme,2017,בנזין,1.6,"80,800",4X2,משפחתי,האצ'בק,בין-עירוני,לא,3,מרכז,מעל 5 שנים,אי שביעות רצון מהרכב הקודם,כן,אמינות
40-60,נקבה,5,פרטי,אוטומט,יונדאי,iX35,Open Sky,2015,בנזין,2,"68,000",4X2,ג'יפ,פנאי שטח,משולב,לא,3,דרום,מעל 5 שנים,שידרוג רכב,כן,"אמינות, בטיחות, גודל(גדול)"
40-60,זכר,8,פרטי,אוטומט,שברולט,טראוורס,LT,2015,בנזין,3.6,"86,500",4X4,ג'יפ,פנאי שטח,משולב,לא,6,דרום,מעל 5 שנים,הרחבת המשפחה,כן,"אמינות, גודל(גדול)"
40-60,נקבה,5,פרטי,אוטומט,טויוטה,קורולה,Sun,2015,בנזין,1.6,"56,500",4X2,משפחתי,סדאן,בין-עירוני,לא,2,מרכז,מעל 5 שנים,שידרוג רכב,כן,אמינות
40-60,זכר,4,פרטי,אוטומט,ב.מ.וו,סדרה 2,220I Business,2016,בנזין,2016,"97,000",4X2,מנהלים,קבריולט,משולב,לא,1,מחוז ירושלים,מעל 5 שנים,שידרוג רכב,כן,שירות
40-60,נקבה,5,פרטי,אוטומט,לקסוס,IS300h,Executive,2016,בנזין,2.5,"111,000",4X2,מנהלים,סדאן,עירוני,לא,2,צפון,מעל 5 שנים,שידרוג רכב,כן,"אמינות, גודל(גדול)"
28-40,זכר,4,פרטי,אוטומט,אאודי,TT,קופה,2013,בנזין,1.8,"108,600",4X2,ספורט,קופה,משולב,לא,1,שפלה ומישור החוף הדרומי,מעל 5 שנים,אחר,כן,"שירות, אמינות, בטיחות"
28-40,נקבה,5,פרטי,אוטומט,ניסאן,קשקאי,Tekna,2019,בנזין,1.3,"107,900",4X2,ג'יפ,פנאי שטח,עירוני,לא,3,מרכז,מעל 5 שנים,שידרוג רכב,כן,"אמינות, בטיחות, גודל(גדול)"
40-60,זכר,5,פרטי,אוטומט,סקודה,אוקטביה,Ambition,2017,בנזין,1.4,"71,700",4X2,משפחתי,סדאן,משולב,לא,2,צפון,מעל 5 שנים,אי שביעות רצון מהרכב הקודם,כן,"שירות, אמינות, בטיחות, גודל(גדול)"
40-60,נקבה,5,פרטי,אוטומט,טויוטה,C-HR,Lounge,2019,בנזין,1.8,"122,000",4X2,קרוסאובר,פנאי שטח,עירוני,לא,3,צפון,מעל 5 שנים,שידרוג רכב,כן,"שירות, אמינות"
40-60,נקבה,5,פרטי,אוטומט,יונדאי,i35,Inspire,2014,בנזין,1.6,"42,000",4X2,משפחתי,סדאן,עירוני,לא,1,צפון,מעל 5 שנים,שידרוג רכב,כן,"אמינות, גודל(גדול)"
28-40,זכר,5,פרטי,אוטומט,מאזדה,3,Active,2012,בנזין,1.6,"25,800",4X2,משפחתי,סדאן,עירוני,לא,1,שפלה ומישור החוף הדרומי,מעל 5 שנים,אי שביעות רצון מהרכב הקודם,כן,"שירות, אמינות, גודל(גדול)"
40-60,נקבה,7,פרטי,אוטומט,מיצובישי,אאוטלנדר,Intense ,2017,בנזין,2,"84,600",4X2,ג'יפ,פנאי שטח,משולב,לא,4,מחוז ירושלים,מעל 5 שנים,הרחבת המשפחה,כן,"אמינות, בטיחות, גודל(גדול)"
28-40,נקבה,5,פרטי,אוטומט,יונדאי,i35,Inspire SR,2015,בנזין,1.6,"49,000",4X2,משפחתי,סדאן,משולב,לא,2,צפון,מעל 5 שנים,אי שביעות רצון מהרכב הקודם,כן,"שירות, מחיר, אמינות"
28-40,נקבה,5,פרטי,אוטומט,יונדאי,i25,Premium,2017,בנזין,1.6,"62,200",4X2,משפחתי,סדאן,משולב,לא,2,שרון,מעל 5 שנים,שידרוג רכב,כן,"שירות, אמינות"
28-40,נקבה,5,פרטי,אוטומט,סיאט,איביזה,Style,2015,בנזין,1,"44,300",4X2,מיני,האצ'בק,משולב,לא,אין,צפון,מעל 5 שנים,אחר,כן,אמינות
28-40,זכר,5,פרטי,אוטומט,הונדה,סיוויק האצ'בק החדשה ,Comfort,2017,בנזין,1,"69,400",4X2,משפחתי,האצ'בק,משולב,לא,2,שפלה ומישור החוף הדרומי,מעל 5 שנים,שידרוג רכב,כן,"שירות, אמינות"
40-60,זכר,4,פרטי,אוטומט,מרצדס,E-Class קופה / קבריולט,E350 Avantgarde,2010,בנזין,3.5,"94,900",4X2,ספורט,קופה,עירוני,לא,2,מרכז,מעל 5 שנים,שידרוג רכב,כן,"שירות, אמינות"
40-60,זכר,5,פרטי,אוטומט,יונדאי,טוסון,Open Sky,2017,בנזין,2,"102,700",4X2,קרוסאובר,פנאי שטח,משולב,לא,2,צפון,מעל 5 שנים,הרחבת המשפחה,כן,"אמינות, בטיחות, גודל(גדול)"
40-60,זכר,5,פרטי,אוטומט,סקודה,סופרב,Elegance,2014,בנזין,2,"55,300",4X2,מנהלים,סדאן,בין-עירוני,לא,3,דרום,מעל 5 שנים,שידרוג רכב,כן,אמינות
28-40,זכר,7,פרטי,אוטומט,פיג'ו,5008,Premium,2016,בנזין,1.6,"26,400",4X2,מיניוואן,סטיישן,עירוני,לא,4,שפלה ומישור החוף הדרומי,מעל 5 שנים,הרחבת המשפחה,כן,"מחיר, אמינות, גודל(גדול)"
28-40,נקבה,7,פרטי,אוטומט,סאנגיונג,רודיוס,DLX,2013,דיזל,2,"46,000",4X2,מיניוואן,סטיישן,עירוני,לא,4,צפון,מעל 5 שנים,הרחבת המשפחה,כן,"שירות, גודל(גדול)"
28-40,נקבה,5,פרטי,אוטומט,סוזוקי,SX4,GLX-HB,2009,בנזין,1.6,"23,000",4X2,משפחתי,האצ'בק,עירוני,לא,2,מחוז ירושלים,מעל 5 שנים,אי שביעות רצון מהרכב הקודם,כן,מחיר
28-40,נקבה,5,פרטי,אוטומט,ניסאן,קשקאי,Acenta,2009,בנזין,2,"25,000",4X4,ג'יפ,האצ'בק,עירוני,לא,2,דרום,מעל 5 שנים,אי שביעות רצון מהרכב הקודם,כן,"מחיר, אמינות, בטיחות"
28-40,זכר,5,פרטי,אוטומט,מיצובישי,ספייס סטאר,Instyle,2015,בנזין,1.2,"33,200",4X2,מיני,האצ'בק,בין-עירוני,לא,1,מרכז,מעל 5 שנים,אי שביעות רצון מהרכב הקודם,כן,גודל(קטן)
28-40,נקבה,5,פרטי,אוטומט,פיג'ו,208,Tech Edition,2018,בנזין,1.2,"63,500",4X2,מיני,האצ'בק,משולב,לא,2,מרכז,מעל 5 שנים,שידרוג רכב,כן,"שירות, גודל(קטן)"
28-40,זכר,5,פרטי,אוטומט,רנו,קליאו דור 4,Life,2015,בנזין,1.2,"31,400",4X2,מיני,האצ'בק,משולב,לא,אין,יהודה ושומרון ובקעת הירדן,מעל 5 שנים,אי שביעות רצון מהרכב הקודם,כן,"שירות, מחיר, אמינות"
17-27,זכר,5,פרטי,רובוטי,טויוטה,יאריס,Sol,2008,בנזין,1.3,"16,000",4X2,מיני,האצ'בק,בין-עירוני,לא,1,צפון,מעל 5 שנים,אי שביעות רצון מהרכב הקודם,כן,אמינות
17-27,זכר,5,פרטי,אוטומט,טויוטה,יאריס,הייבריד,2014,בנזין,1.5,"52,000",4X2,מיני,האצ'בק,בין-עירוני,לא,אין,צפון,מעל 5 שנים,אי שביעות רצון מהרכב הקודם,כן,"שירות, אמינות"
28-40,זכר,5,פרטי,אוטומט,אופל,מוקה,Enjoy ,2016,בנזין,1.4,"56,700",4X2,קרוסאובר,פנאי שטח,עירוני,לא,3,מחוז ירושלים,מעל 5 שנים,אי שביעות רצון מהרכב הקודם,כן,"שירות, גודל(גדול)"
28-40,נקבה,5,פרטי,אוטומט,רנו,קדגא'ר,Zen,2016,דיזל,1.5,"52,600",4X2,קרוסאובר,פנאי שטח,משולב,לא,2,מרכז,מעל 5 שנים,שידרוג רכב,כן,"שירות, אמינות"
40-60,זכר,5,פרטי,אוטומט,פולקסווגן,טיגואן,Comfortline,2020,בנזין,1.5,"114,600",4X2,קרוסאובר,פנאי שטח,משולב,לא,3,צפון,מעל 5 שנים,שידרוג רכב,כן,"שירות, אמינות, בטיחות, גודל(גדול)"
28-40,זכר,5,פרטי,אוטומט,טויוטה,קורולה,GLI,2017,בנזין,1.6,"83,000",4X2,משפחתי,סדאן,עירוני,לא,1,מרכז,מעל 5 שנים,אחר,כן,"אמינות, בטיחות"
28-40,נקבה,5,פרטי,אוטומט,קיה,סטוניק,LX,2019,בנזין,1,"77,100",4X2,משפחתי,סטיישן,משולב,לא,2,שפלה ומישור החוף הדרומי,מעל 5 שנים,שידרוג רכב,כן,"שירות, מחיר"
17-27,נקבה,5,פרטי,אוטומט,אאודי,A1,Sportback Style,2018,בנזין,1,"89,000",4X2,מיני,האצ'בק,עירוני,לא,1,דרום,מעל 5 שנים,אחר,כן,"שירות, אמינות, בטיחות"
28-40,נקבה,5,פרטי,אוטומט,יונדאי,i20,Prime,2019,בנזין,1,"67,500",4X2,מיני,האצ'בק,משולב,לא,1,צפון,מעל 5 שנים,אי שביעות רצון מהרכב הקודם,כן,"אמינות, גודל(קטן)"
40-60,זכר,5,פרטי,אוטומט,פולקסווגן,פולו,Trendline,2016,בנזין,1.2,"53,500",4X2,מיני,האצ'בק,בין-עירוני,לא,אין,צפון,מעל 5 שנים,אי שביעות רצון מהרכב הקודם,כן,"שירות, אמינות, גודל(קטן)"
28-40,זכר,5,פרטי,אוטומט,סיאט,איביזה,FR Full Led,2022,בנזין,1.5,"112,200",4X2,ספורט,האצ'בק,משולב,לא,אין,דרום,מעל 5 שנים,שידרוג רכב,לא,"שירות, אמינות"
28-40,נקבה,4,פרטי,אוטומט,מיני,קופר קבריולט,Chilli-S,2013,בנזין,1.6,"64,700",4X2,ספורט,קבריולט,עירוני,לא,אין,מרכז,מעל 5 שנים,שידרוג רכב,כן,"שירות, אמינות, גודל(קטן)"
28-40,נקבה,5,פרטי,אוטומט,אופל,קורסה,Enjoy,2018,בנזין,1.4,"48,300",4X2,מיני,האצ'בק,משולב,לא,1,מרכז,מעל 5 שנים,שידרוג רכב,כן,"שירות, גודל(קטן)"
28-40,נקבה,5,פרטי,אוטומט,יונדאי,i20,Prime,2019,בנזין,1,"67,500",4X2,מיני,האצ'בק,בין-עירוני,לא,2,מרכז,מעל 5 שנים,שידרוג רכב,כן,"אמינות, גודל(קטן)"
28-40,זכר,5,פרטי,אוטומט,מאזדה,2,Dynamic,2018,בנזין,1.5,"72,300",4X2,מיני,האצ'בק,משולב,לא,2,מרכז,מעל 5 שנים,שידרוג רכב,כן,"שירות, אמינות, גודל(קטן)"
28-40,זכר,5,פרטי,אוטומט,פולקסווגן,טיגואן,Trendline,2017,בנזין,1.4,"68,600",4X2,ג'יפ,פנאי שטח,משולב,לא,2,דרום,מעל 5 שנים,שידרוג רכב,כן,"אמינות, בטיחות, גודל(גדול)"
28-40,זכר,5,פרטי,אוטומט,סוזוקי,גרנד ויטרה,JLX-AL,2008,בנזין,2,"29,200",4X4,ג'יפ,פנאי שטח,משולב,לא,5,דרום,מעל 5 שנים,אי שביעות רצון מהרכב הקודם,כן,"מחיר, גודל(גדול)"
28-40,נקבה,5,פרטי,אוטומט,הונדה,HR-V,Comfort,2018,בנזין,1.5,"80,200",4X4,ג'יפ,פנאי שטח,משולב,לא,2,מרכז,מעל 5 שנים,שידרוג רכב,כן,"אמינות, בטיחות, גודל(גדול)"
40-60,זכר,7,פרטי,אוטומט,מיצובישי,גרנדיס,Executive,2010,בנזין,2.4,"34,200",4X2,מיניוואן,סטיישן,עירוני,לא,5,מחוז ירושלים,מעל 5 שנים,הרחבת המשפחה,כן,"מחיר, גודל(גדול)"
28-40,זכר,5,פרטי,אוטומט,קיה,סורנטו,EX,2003,דיזל,2.5,"11,900",4X4,ג'יפ,פנאי שטח,עירוני,לא,3,מחוז ירושלים,מעל 5 שנים,מצב כלכלי,כן,"מחיר, גודל(גדול)"
28-40,זכר,5,פרטי,ידני,פיאט,דובלו,Active,2012,דיזל,1.2,"15,300",4X2,מסחרי,קומבי,משולב,העברת ציוד,2,שרון,מעל 5 שנים,שידרוג רכב,כן,"מחיר, גודל(גדול)"
40-60,זכר,5,פרטי,אוטומט,יונדאי,i30,Inspire,2012,בנזין,1.6,"32,300",4X2,משפחתי,האצ'בק,עירוני,לא,2,שפלה ומישור החוף הדרומי,מעל 5 שנים,שידרוג רכב,כן,"מחיר, אמינות"
40-60,זכר,5,פרטי,אוטומט,מאזדה,3,Sport,2019,בנזין,2,"92,000",4X2,משפחתי,סדאן,משולב,לא,2,שפלה ומישור החוף הדרומי,מעל 5 שנים,שידרוג רכב,כן,"אמינות, בטיחות"
40-60,זכר,5,פרטי,אוטומט,הונדה,סיוויק סדאן החדשה,Comfort,2012,בנזין,1.8,"37,200",4X2,משפחתי,סדאן,משולב,לא,2,שפלה ומישור החוף הדרומי,מעל 5 שנים,שידרוג רכב,כן,"אמינות, גודל(גדול)"
28-40,זכר,4,פרטי,אוטומט,יונדאי,ולוסטר,Inspire,2014,בנזין,1.6,"47,400",4X2,משפחתי,האצ'בק,עירוני,לא,1,צפון,מעל 5 שנים,שידרוג רכב,כן,"שירות, מחיר"
28-40,נקבה,5,פרטי,אוטומט,יונדאי,i30,Inspire,2012,בנזין,1.6,"32,300",4X2,משפחתי,האצ'בק,עירוני,לא,2,מרכז,מעל 5 שנים,אי שביעות רצון מהרכב הקודם,כן,"שירות, מחיר"
40-60,נקבה,7,פרטי,אוטומט,מיצובישי,אאוטלנדר,Premium,2017,בנזין,2,"97,500",4X4,ג'יפ,פנאי שטח,עירוני,לא,4,צפון,מעל 5 שנים,הרחבת המשפחה,כן,"אמינות, בטיחות, גודל(גדול)"
28-40,זכר,5,פרטי,אוטומט,פורד,פוקוס,Trend,2012,בנזין,1.6,"14,800",4X2,משפחתי,סטיישן,בין-עירוני,לא,4,מחוז ירושלים,מעל 5 שנים,שידרוג רכב,כן,"מחיר, גודל(גדול)"
28-40,נקבה,5,פרטי,אוטומט,מיצובישי,אטרז',Instyle,2015,בנזין,1.2,"31,000",4X2,משפחתי,סדאן,בין-עירוני,לא,2,מחוז ירושלים,מעל 5 שנים,אחר,כן,שירות
28-40,זכר,5,פרטי,אוטומט,פולקסווגן,ג'טה,Trendline,2015,בנזין,1.4,"44,900",4X2,משפחתי,סדאן,עירוני,לא,2,מחוז ירושלים,מעל 5 שנים,אי שביעות רצון מהרכב הקודם,כן,"שירות, אמינות"
40-60,זכר,5,פרטי,אוטומט,קאדילק,XT5,Luxury,2017,בנזין,3.6,"127,900",4X2,ג'יפ,פנאי שטח,עירוני,לא,2,דרום,מעל 5 שנים,שידרוג רכב,לא,"אמינות, בטיחות"
40-60,זכר,8,פרטי,אוטומט,שברולט,טראוורס,LT AWD,2019,בנזין,3.6,"189,300",4X4,ג'יפ,פנאי שטח,משולב,לא,4,שפלה ומישור החוף הדרומי,מעל 5 שנים,שידרוג רכב,כן,"אמינות, בטיחות, גודל(גדול)"
28-40,זכר,4,פרטי,אוטומט,מרצדס,CLS,CLS400,2016,בנזין,3,"211,700",4X2,ספורט,פנאי שטח,משולב,לא,אין,"חדרה, זכרון העמקים",מעל 5 שנים,שידרוג רכב,כן,אמינות
40-60,זכר,7,פרטי,אוטומט,שברולט,אורלנדו,LT,2013,דיזל,2,"30,800",4X2,מיניוואן,סטיישן,משולב,לא,4,מרכז,מעל 5 שנים,הרחבת המשפחה,כן,"אמינות, גודל(גדול)"
40-60,נקבה,7,פרטי,אוטומט,מאזדה,5,Executive,2013,בנזין,2,"41,300",4X2,מיניוואן,סטיישן,עירוני,לא,4,מחוז ירושלים,מעל 5 שנים,הרחבת המשפחה,כן,"אמינות, גודל(גדול)"
28-40,זכר,5,פרטי,אוטומט,סובארו,XV,Premium,2015,בנזין,2,"65,300",4X4,קרוסאובר,פנאי שטח,משולב,לא,2,צפון,מעל 5 שנים,שידרוג רכב,כן,"שירות, אמינות"
40-60,זכר,4,פרטי,אוטומט,סוזוקי,ג'ימני,GLX,2015,בנזין,1.3,"44,000",4X4,ג'יפ,פנאי שטח,משולב,לא,1,דרום,מעל 5 שנים,שידרוג רכב,לא,"אמינות, גודל(קטן)"
60+,נקבה,5,פרטי,אוטומט,סוזוקי,איגניס,GLX,2020,בנזין,1.2,"70,700",4X2,קרוסאובר,האצ'בק,עירוני,לא,2,מרכז,מעל 5 שנים,שידרוג רכב,כן,"אמינות, גודל(קטן)"
40-60,נקבה,5,פרטי,אוטומט,טויוטה,לנד קרוזר קצר,Premium,2008,דיזל,3,"83,200",4X4,ג'יפ,פנאי שטח,עירוני,לא,2,צפון,מעל 5 שנים,אחר,לא,"אמינות, בטיחות"
60+,זכר,5,פרטי,אוטומט,פולקסווגן,גולף,Comfortline,2008,בנזין,2,"17,600",4X2,משפחתי,האצ'בק,עירוני,לא,3,צפון,מעל 5 שנים,אי שביעות רצון מהרכב הקודם,כן,"שירות, מחיר, אמינות"
40-60,זכר,5,פרטי,אוטומט,פורד,פוקוס,Sport,2014,בנזין,1.6,"23,300",4X2,משפחתי,סדאן,עירוני,לא,4,צפון,מעל 5 שנים,אי שביעות רצון מהרכב הקודם,כן,מחיר
28-40,נקבה,5,פרטי,אוטומט,Jeep,גרנד צ'ירוקי,Laredo,2017,בנזין,3.6,"174,400",4X4,ג'יפ,פנאי שטח,עירוני,לא,2,צפון,מעל 5 שנים,שידרוג רכב,כן,"בטיחות, גודל(גדול)"
40-60,זכר,5,פרטי,אוטומט,דאצ'יה,דאסטר,Laureate,2017,דיזל,1.5,"43,000",4X2,קרוסאובר,פנאי שטח,משולב,לא,2,מחוז ירושלים,מעל 5 שנים,אי שביעות רצון מהרכב הקודם,כן,"שירות, מחיר"
28-40,נקבה,5,פרטי,אוטומט,סקודה,פאביה,Style,2015,בנזין,1.2,"55,200",4X2,מיני,האצ'בק,עירוני,לא,1,מרכז,מעל 5 שנים,אי שביעות רצון מהרכב הקודם,כן,"אמינות, גודל(קטן)"
17-27,נקבה,5,פרטי,אוטומט,סיאט,איביזה,Style,2012,בנזין,1.2,"29,900",4X2,מיני,האצ'בק,בין-עירוני,לא,אין,צפון,מעל 5 שנים,אחר,כן,"מחיר, אמינות"
60+,זכר,5,פרטי,אוטומט,יונדאי,גטס,GLI,2008,בנזין,1.4,"9,100",4X2,מיני,האצ'בק,עירוני,לא,3,צפון,מעל 5 שנים,אי שביעות רצון מהרכב הקודם,כן,"מחיר, גודל(קטן)"
28-40,זכר,5,פרטי,אוטומט,מאזדה,2,Dynamic,2018,בנזין,1.5,"65,800",4X2,מיני,האצ'בק,עירוני,לא,4,שפלה ומישור החוף הדרומי,מעל 5 שנים,שידרוג רכב,כן,"אמינות, גודל(קטן)"
28-40,נקבה,5,פרטי,אוטומט,סוזוקי,ספלאש,GLS,2011,בנזין,1.2,"21,900",4X2,מיני,האצ'בק,עירוני,לא,1,מרכז,מעל 5 שנים,מצב כלכלי,כן,"מחיר, גודל(קטן)"
28-40,נקבה,5,פרטי,אוטומט,סיאט,אטקה,Style Plus,2018,בנזין,1.4,"73,600",4X4,קרוסאובר,פנאי שטח,משולב,לא,2,שרון,מעל 5 שנים,שידרוג רכב,כן,"אמינות, גודל(גדול)"
60+,זכר,5,פרטי,אוטומט,סוזוקי,ויטרה,GLXV T2,2017,בנזין,1.6,"79,300",4X4,קרוסאובר,פנאי שטח,משולב,לא,2,צפון,מעל 5 שנים,שידרוג רכב,כן,"שירות, אמינות"
60+,זכר,5,פרטי,אוטומט,סוזוקי,איגניס,GLX,2019,בנזין,1.2,"64,600",4X2,קרוסאובר,האצ'בק,עירוני,לא,4,מרכז,מעל 5 שנים,שידרוג רכב,כן,"שירות, גודל(קטן)"
28-40,נקבה,5,פרטי,אוטומט,סובארו,פורסטר,X,2013,בנזין,2,"52,000",4X4,קרוסאובר,פנאי שטח,בין-עירוני,לא,3,יהודה ושומרון ובקעת הירדן,מעל 5 שנים,שידרוג רכב,כן,"אמינות, גודל(גדול)"
28-40,זכר,5,פרטי,אוטומט,הונדה,CR-V,Comfort,2017,בנזין,2,"102,100",4X4,ג'יפ,פנאי שטח,משולב,לא,3,מחוז ירושלים,מעל 5 שנים,שידרוג רכב,כן,"אמינות, בטיחות, גודל(גדול)"
40-60,זכר,5,פרטי,אוטומט,פיאט,500X,Pop,2016,בנזין,1.4,"51,900",4X2,משפחתי,האצ'בק,עירוני,לא,2,מרכז,מעל 5 שנים,אי שביעות רצון מהרכב הקודם,כן,"שירות, מחיר"
28-40,נקבה,5,פרטי,אוטומט,קיה,ספורטז',Premium GT,2016,בנזין,1.6,"82,900",4X4,קרוסאובר,פנאי שטח,עירוני,לא,4,דרום,מעל 5 שנים,שידרוג רכב,כן,"אמינות, בטיחות, גודל(גדול)"
40-60,זכר,7,פרטי,אוטומט,מיצובישי,אאוטלנדר,Elite,2017,בנזין,2,"101,800",4X4,ג'יפ,פנאי שטח,משולב,לא,2,דרום,מעל 5 שנים,שידרוג רכב,כן,"אמינות, בטיחות, גודל(גדול)"
40-60,נקבה,7,פרטי,אוטומט,אאודי,Q7,Luxury,2008,דיזל,3,"62,200",4X4,ג'יפ,פנאי שטח,עירוני,לא,2,דרום,מעל 5 שנים,אי שביעות רצון מהרכב הקודם,לא,"אמינות, בטיחות, גודל(גדול)"
40-60,נקבה,7,פרטי,אוטומט,לנד רובר,דיסקברי 4,HSE1 TDV6,2009,דיזל,3,"69,600",4X4,ג'יפ,פנאי שטח,עירוני,לא,3,שרון,מעל 5 שנים,שידרוג רכב,לא,"אמינות, בטיחות, גודל(גדול)"
28-40,זכר,7,פרטי,אוטומט,מיצובישי,פג'רו ארוך,GLS,2000,דיזל,2.8,"23,100",4X4,ג'יפ,פנאי שטח,משולב,לא,3,מרכז,מעל 5 שנים,אחר,לא,"שירות, מחיר, גודל(גדול)"
28-40,זכר,5,פרטי,אוטומט,סקודה,סופרב,Ambition,2018,בנזין,1.4,"103,200",4X2,מנהלים,סדאן,משולב,לא,2,מרכז,מעל 5 שנים,שידרוג רכב,לא,"אמינות, גודל(גדול)"
40-60,זכר,5,פרטי,אוטומט,מאזדה ,6,Luxury,2021,בנזין,2,"139,000",4X2,מנהלים,סדאן,עירוני,לא,3,דרום,מעל 5 שנים,שידרוג רכב,כן,"שירות, אמינות, גודל(גדול)"
40-60,זכר,5,פרטי,אוטומט,וולוו,S60,R-Design Plus,2014,בנזין,2,"77,400",4X2,מנהלים,סדאן,משולב,לא,2,דרום,מעל 5 שנים,שידרוג רכב,כן,"שירות, אמינות, בטיחות, גודל(גדול)"
28-40,נקבה,5,פרטי,אוטומט,יונדאי,i30CW,Inspire,2016,בנזין,1.6,"43,300",4X2,משפחתי,סטיישן,עירוני,לא,3,דרום,מעל 5 שנים,אי שביעות רצון מהרכב הקודם,כן,"מחיר, גודל(גדול)"
28-40,נקבה,5,פרטי,אוטומט,רנו,מגאן גראנד קופה,Intense,2019,דיזל,1.5,"85,800",4X2,משפחתי,סדאן,עירוני,לא,1,צפון,מעל 5 שנים,שידרוג רכב,כן,"אמינות, גודל(גדול)"
60+,זכר,5,פרטי,אוטומט,פורד,פוקוס,Trend ,2012,בנזין,1.6,"16,400",4X2,משפחתי,סדאן,עירוני,לא,4,דרום,מעל 5 שנים,אי שביעות רצון מהרכב הקודם,כן,"שירות, מחיר"
40-60,זכר,5,פרטי,אוטומט,קיה,פורטה,LX,2014,בנזין,1.6,"37,700",4X2,משפחתי,סדאן,משולב,לא,2,מרכז,מעל 5 שנים,אי שביעות רצון מהרכב הקודם,כן,"שירות, מחיר, גודל(גדול)"
40-60,זכר,6,מסחרי,ידני,סיטרואן,ג'אמפי קצר/בינוני,L1-H1,2014,דיזל,2,"41,500",4X2,מסחרי,קומבי,משולב,לא,4,מחוז ירושלים,מעל 5 שנים,הרחבת המשפחה,כן,"מחיר, גודל(גדול)"
60+,זכר,5,פרטי,אוטומט,סוזוקי,SX4,GLX,2015,בנזין,1.6,"57,200",4X2,קרוסאובר,פנאי שטח,עירוני,לא,4,מרכז,מעל 5 שנים,שידרוג רכב,כן,"מחיר, אמינות"
60+,זכר,5,פרטי,אוטומט,סוזוקי,איגניס,GLX,GLX,בנזין,1.2,"73,000",4X2,קרוסאובר,האצ'בק,עירוני,לא,3,דרום,מעל 5 שנים,שידרוג רכב,כן,"שירות, אמינות"
40-60,זכר,5,פרטי,אוטומט,פולקסווגן,טיגואן,Comfortline Plus,2019,בנזין,1.5,"135,000",4X2,ג'יפ,פנאי שטח,משולב,לא,2,דרום,מעל 5 שנים,שידרוג רכב,כן,"אמינות, בטיחות, גודל(גדול)"
40-60,זכר,5,פרטי,אוטומט,מאזדה,CX-5,Executive,2016,בנזין,2,"86,000",4X2,קרוסאובר,פנאי שטח,משולב,לא,2,שרון,מעל 5 שנים,אי שביעות רצון מהרכב הקודם,כן,"אמינות, בטיחות, גודל(גדול)"
28-40,נקבה,5,פרטי,אוטומט,טויוטה,C-HR,Chic,2018,היברידי,1.8,"98,700",4X2,קרוסאובר,פנאי שטח,עירוני,לא,3,צפון,מעל 5 שנים,הרחבת המשפחה,כן,"אמינות, בטיחות, גודל(גדול)"
28-40,זכר,5,פרטי,אוטומט,סקודה,סופרב,Elegance,2015,בנזין,1.8,"49,000",4X2,מנהלים,סדאן,בין-עירוני,לא,2,דרום,מעל 5 שנים,שידרוג רכב,כן,אמינות
40-60,זכר,5,פרטי,אוטומט,שברולט,מאליבו,LT,2014,בנזין,2,"44,400",4X2,מנהלים,סדאן,עירוני,לא,2,מרכז,מעל 5 שנים,אי שביעות רצון מהרכב הקודם,כן,"בטיחות, גודל(גדול)"
28-40,זכר,5,פרטי,אוטומט,טויוטה,קאמרי,LE,2019,בנזין,2.5,"102,100",4X2,מנהלים,סדאן,משולב,לא,3,שרון,מעל 5 שנים,אי שביעות רצון מהרכב הקודם,כן,"בטיחות, גודל(גדול)"
28-40,זכר,5,פרטי,אוטומט,פולקסווגן,פאסאט,Premium,2012,בנזין,1.8,"40,000",4X2,מנהלים,סדאן,בין-עירוני,לא,2,מרכז,מעל 5 שנים,שידרוג רכב,כן,"מחיר, אמינות, בטיחות, גודל(גדול)"
28-40,זכר,5,פרטי,אוטומט,מאזדה,6,Luxury,2017,בנזין,2,"84,500",4X2,מנהלים,סדאן,משולב,לא,2,מרכז,מעל 5 שנים,שידרוג רכב,כן,"אמינות, גודל(גדול)"
28-40,זכר,5,פרטי,אוטומט,טויוטה,קאמרי,Executive,2008,בנזין,2.4,"28,600",4X2,מנהלים,סדאן,בין-עירוני,לא,1,יהודה ושומרון ובקעת הירדן,מעל 5 שנים,אי שביעות רצון מהרכב הקודם,כן,"אמינות, גודל(גדול)"
60+,זכר,5,פרטי,אוטומט,טויוטה,קאמרי,Executive,2008,בנזין,2.4,"28,600",4X2,מנהלים,סדאן,עירוני,לא,4,צפון,מעל 5 שנים,שידרוג רכב,לא,"אמינות, גודל(גדול)"
28-40,זכר,5,פרטי,אוטומט,מאזדה ,6,Premium Plus,2013,בנזין,2.5,"57,900",4X2,מנהלים,סדאן,עירוני,לא,2,שפלה ומישור החוף הדרומי,מעל 5 שנים,שידרוג רכב,כן,גודל(גדול)
28-40,זכר,5,פרטי,אוטומט,סקודה,סופרב,Elegance,2010,בנזין,1.8,"30,100",4X2,מנהלים,סדאן,עירוני,לא,2,צפון,מעל 5 שנים,שידרוג רכב,כן,"אמינות, בטיחות, גודל(גדול)"
40-60,נקבה,5,פרטי,אוטומט,וולוו,S60,T4 Kinetic,2019,בנזין,2,"110,900",4X2,מנהלים,סדאן,עירוני,לא,2,צפון,מעל 5 שנים,שידרוג רכב,כן,בטיחות
40-60,זכר,5,פרטי,אוטומט,קיה,אופטימה,Panoramic,2017,דיזל,1.7,"51,000",4X2,מנהלים,סדאן,משולב,לא,2,מחוז ירושלים,מעל 5 שנים,שידרוג רכב,כן,"אמינות, גודל(גדול)"
28-40,נקבה,5,פרטי,טיפטרוניק,פולקסווגן,פאסאט,Comfortline,2010,בנזין,1.8,"22,100",4X2,מנהלים,סדאן,עירוני,לא,2,צפון,מעל 5 שנים,אחר,כן,"אמינות, בטיחות"
40-60,זכר,5,פרטי,אוטומט,מאזדה,6,Premium,2016,בנזין,2.5,"96,500",4X2,מנהלים,סדאן,עירוני,לא,2,מרכז,מעל 5 שנים,שידרוג רכב,כן,"אמינות, בטיחות"
28-40,זכר,5,פרטי,אוטומט,סקודה,סופרב,Ambition,2016,בנזין,1.8,"85,400",4X2,מנהלים,סדאן,משולב,לא,1,צפון,מעל 5 שנים,אי שביעות רצון מהרכב הקודם,כן,"אמינות, בטיחות, גודל(גדול)"
40-60,זכר,7,פרטי,אוטומט,שברולט,אורלנדו,LS,2016,בנזין,1.4,"46,000",4X2,מיניוואן,פנאי שטח,עירוני,לא,5,מרכז,מעל 5 שנים,הרחבת המשפחה,כן,"מחיר, אמינות, גודל(גדול)"
40-60,נקבה,7,פרטי,אוטומט,דודג',גראנד קראוון,SE Plus,2018,בנזין,3.6,"120,500",4X2,מיניוואן,פנאי שטח,עירוני,לא,4,מרכז,מעל 5 שנים,הרחבת המשפחה,כן,"אמינות, בטיחות, גודל(גדול)"
40-60,נקבה,7,פרטי,אוטומט,שברולט,טראוורס,LT,2011,בנזין,3.6,"47,700",4X4,מיניוואן,פנאי שטח,עירוני,לא,3,דרום,מעל 5 שנים,אחר,כן,בטיחות
40-60,נקבה,7,פרטי,אוטומט,סיטרואן ,C4 ספייסטורר,Grand Exclusive,2019,בנזין,1.2,"89,600",4X2,מיניוואן,פנאי שטח,עירוני,לא,4,צפון,מעל 5 שנים,הרחבת המשפחה,כן,גודל(גדול)
40-60,זכר,7,פרטי,אוטומט,פורד,S-מקס,Titanium,2011,בנזין,2,"30,900",4X2,מיניוואן,פנאי שטח,עירוני,לא,4,צפון,מעל 5 שנים,הרחבת המשפחה,כן,גודל(גדול)
40-60,זכר,7,פרטי,אוטומט,סאנגיונג,רודיוס,DLX,2015,בנזין,2,"60,100",4X2,מיניוואן,פנאי שטח,משולב,לא,4,מרכז,מעל 5 שנים,הרחבת המשפחה,כן,"שירות, גודל(גדול)"
40-60,זכר,7,פרטי,אוטומט,פיג'ו,5008,Active,2019,דיזל,1.5,"102,100",4X2,מיניוואן,פנאי שטח,בין-עירוני,לא,2,צפון,מעל 5 שנים,שידרוג רכב,כן,"אמינות, בטיחות"
28-40,נקבה,7,פרטי,אוטומט,מאזדה,5,Luxury,2012,בנזין,2,"42,000",4X2,מיניוואן,פנאי שטח,עירוני,לא,5,מחוז ירושלים,מעל 5 שנים,הרחבת המשפחה,כן,"מחיר, אמינות, גודל(גדול)"
40-60,זכר,6,פרטי,אוטומט,מאזדה,MPV,V6 Karakuri,2006,בנזין,3,"16,000",4X2,מיניוואן,פנאי שטח,עירוני,לא,4,מחוז ירושלים,מעל 5 שנים,אחר,כן,"מחיר, אמינות, גודל(גדול)"
28-40,זכר,7,פרטי,אוטומט,קרייזלר,וויאג'ר,LX,2003,בנזין,3.3,"8,700",4X2,מיניוואן,פנאי שטח,עירוני,לא,4,מחוז ירושלים,מעל 5 שנים,מצב כלכלי,כן,"מחיר, גודל(גדול)"
40-60,זכר,6,פרטי,אוטומט,מאזדה,MPV,V6 Karakuri,2005,בנזין,3,"14,700",4X2,מיניוואן,פנאי שטח,עירוני,לא,4,מחוז ירושלים,מעל 5 שנים,אחר,כן,"מחיר, גודל(גדול)"
28-40,זכר,5,פרטי,אוטומט,דייהטסו,טריוס,SX,2010,בנזין,1.5,"28,000",4X4,ג'יפ,האצ'בק,משולב,לא,1,צפון,מעל 5 שנים,אחר,כן,"מחיר, אמינות"
40-60,נקבה,5,פרטי,אוטומט,יונדאי,טוסון,Prime Plus,2018,בנזין,2,"103,600",4X4,ג'יפ,פנאי שטח,עירוני,לא,3,מרכז,מעל 5 שנים,שידרוג רכב,כן,"אמינות, בטיחות, גודל(גדול)"
28-40,זכר,5,פרטי,אוטומט,טויוטה,RAV4 ארוך,Premium,2015,בנזין,2,"86,300",4X4,ג'יפ,פנאי שטח,משולב,לא,2,מרכז,מעל 5 שנים,אי שביעות רצון מהרכב הקודם,כן,"שירות, אמינות, בטיחות, גודל(גדול)"
40-60,נקבה,7,פרטי,אוטומט,מיצובישי,אאוטלנדר,Premium,2017,בנזין,2,"97,500",4X4,ג'יפ,פנאי שטח,עירוני,לא,4,צפון,מעל 5 שנים,הרחבת המשפחה,כן,"אמינות, בטיחות, גודל(גדול)"
40-60,נקבה,5,פרטי,אוטומט,יונדאי,iX35,Open Sky,2015,בנזין,2,"68,000",4X2,ג'יפ,פנאי שטח,משולב,לא,3,דרום,מעל 5 שנים,שידרוג רכב,כן,"אמינות, בטיחות, גודל(גדול)"
40-60,נקבה,7,פרטי,אוטומט,יונדאי,סנטה פה,Premium,2017,בנזין,2.4,"126,900",4X4,ג'יפ,פנאי שטח,עירוני,לא,5,צפון,מעל 5 שנים,הרחבת המשפחה,כן,"שירות, אמינות, בטיחות, גודל(גדול)"
28-40,נקבה,5,פרטי,אוטומט,קיה,נירו הייבריד,EX,2018,בנזין,1.6,"87,700",4X2,ג'יפ,פנאי שטח,עירוני,לא,3,דרום,מעל 5 שנים,שידרוג רכב,כן,"אמינות, בטיחות, גודל(גדול)"
40-60,נקבה,5,פרטי,אוטומט,רנו,קדגא'ר,Intense,2016,דיזל,1.5,"55,000",4X2,ג'יפ,פנאי שטח,בין-עירוני,לא,3,צפון,מעל 5 שנים,שידרוג רכב,כן,"אמינות, בטיחות"
40-60,נקבה,5,פרטי,אוטומט,קיה,ספורטז',Urban,2018,בנזין,1.6,"92,800",4X2,ג'יפ,פנאי שטח,משולב,לא,3,צפון,מעל 5 שנים,אי שביעות רצון מהרכב הקודם,כן,"אמינות, בטיחות, גודל(גדול)"
28-40,זכר,5,פרטי,אוטומט,סקודה,פאביה,Style,2015,בנזין,1.2,"55,200",4X2,מיני,האצ'בק,משולב,לא,1,מרכז,מעל 5 שנים,אי שביעות רצון מהרכב הקודם,כן,"אמינות, גודל(קטן)"
28-40,זכר,5,פרטי,אוטומט,מאזדה,2,Dynamic,2018,בנזין,1.5,"65,800",4X2,מיני,האצ'בק,עירוני,לא,אין,מרכז,מעל 5 שנים,שידרוג רכב,כן,אמינות
28-40,נקבה,5,פרטי,אוטומט,יונדאי,i20,Prime,2019,בנזין,1,"67,500",4X2,מיני,האצ'בק,בין-עירוני,לא,2,מרכז,מעל 5 שנים,שידרוג רכב,כן,"אמינות, גודל(קטן)"
40-60,זכר,4,פרטי,אוטומט,ב.מ.וו,סדרה 2,220I Business,2016,בנזין,2,"97,000",4X2,מנהלים,קבריולט,משולב,לא,2,צפון,מעל 5 שנים,שידרוג רכב,כן,"שירות, אמינות"
28-40,נקבה,5,פרטי,אוטומט,סוזוקי,SX4 קרוסאובר,GLX,2015,בנזין,1.6,"57,200",4X2,קרוסאובר,האצ'בק,עירוני,לא,2,צפון,מעל 5 שנים,אי שביעות רצון מהרכב הקודם,כן,"שירות, מחיר, אמינות"
17-27,זכר,5,פרטי,ידני,סיאט,איביזה,Reference,2012,בנזין,1.4,"20,200",4X2,מיני,האצ'בק,בין-עירוני,לא,אין,צפון,מעל 5 שנים,אחר,כן,"מחיר, אמינות, בטיחות"
17-27,נקבה,4,פרטי,אוטומט,פיאט,500,My Pop,2015,בנזין,1.2,"27,000",4X2,מיני,האצ'בק,עירוני,לא,אין,מרכז,מעל 5 שנים,אחר,כן,"מחיר, גודל(קטן)"
17-27,זכר,5,פרטי,אוטומט,שברולט,ספארק,LT,2016,בנזין,1.4,"44,600",4X2,מיני,האצ'בק,עירוני,לא,אין,מרכז,מעל 5 שנים,אי שביעות רצון מהרכב הקודם,כן,"מחיר, גודל(קטן)"
28-40,נקבה,5,פרטי,אוטומט,רנו,קליאו דור 4,Life,2015,בנזין,1.2,"35,500",4X2,מיני,האצ'בק,עירוני,לא,1,צפון,מעל 5 שנים,שידרוג רכב,כן,"מחיר, גודל(קטן)"
17-27,נקבה,5,פרטי,אוטומט,קיה,פיקנטו,EX,2012,בנזין,1.2,"30,600",4X2,מיני,האצ'בק,עירוני,לא,אין,מרכז,מעל 5 שנים,אחר,כן,"מחיר, אמינות, גודל(קטן)"
17-27,זכר,5,פרטי,אוטומט,סיאט,איביזה,FR,2013,בנזין,1.2,"40,800",4X2,ספורט,האצ'בק,עירוני,לא,אין,מרכז,מעל 5 שנים,אחר,כן,"מחיר, אמינות"
28-40,זכר,5,פרטי,אוטומט,פולקסווגן,גולף,GTI,2019,בנזין,2,"176,500",4X2,ספורט,האצ'בק,משולב,לא,1,מרכז,מעל 5 שנים,שידרוג רכב,כן,"שירות, אמינות, בטיחות"
28-40,זכר,4,פרטי,אוטומט,פולקסווגן,שירוקו,Sport,2010,בנזין,2,"67,800",4X2,ספורט,האצ'בק,משולב,לא,אין,מחוז ירושלים,מעל 5 שנים,שידרוג רכב,לא,"שירות, אמינות, בטיחות"
17-27,זכר,5,פרטי,אוטומט,סיאט,איביזה,FR,2012,בנזין,1.2,"37,300",4X2,ספורט,האצ'בק,עירוני,לא,אין,דרום,מעל 5 שנים,שידרוג רכב,כן,"מחיר, אמינות"
28-40,זכר,5,פרטי,אוטומט,פולקסווגן,גולף,R,2016,בנזין,2,"104,000",4X2,ספורט,האצ'בק,משולב,לא,1,צפון,מעל 5 שנים,שידרוג רכב,כן,"אמינות, בטיחות, גודל(גדול)"
60+,זכר,5,פרטי,אוטומט,סוזוקי,SX4,GLX,2015,בנזין,1.6,"57,200",4X2,קרוסאובר,פנאי שטח,עירוני,לא,4,שרון,מעל 5 שנים,שידרוג רכב,כן,"מחיר, אמינות"
28-40,נקבה,4,פרטי,אוטומט,פיאט,500,Pop Star,2017,בנזין,1.2,"42,500",4X2,מיני,האצ'בק,עירוני,לא,אין,מרכז,מעל 5 שנים,אי שביעות רצון מהרכב הקודם,כן,גודל(קטן)
28-40,נקבה,5,פרטי,אוטומט,הונדה,ג'אז,Comfort,2016,בנזין,1.3,"58,800",4X2,מיני,האצ'בק,משולב,לא,2,מרכז,מעל 5 שנים,אי שביעות רצון מהרכב הקודם,כן,"אמינות, גודל(קטן)"
40-60,נקבה,5,פרטי,אוטומט,טויוטה,יאריס,Sol,2019,בנזין,1.5,"76,200",4X2,מיני,האצ'בק,עירוני,לא,2,מרכז,מעל 5 שנים,שידרוג רכב,כן,"אמינות, גודל(קטן)"
28-40,נקבה,5,פרטי,אוטומט,יונדאי,i20,Inspire,2018,בנזין,1.4,"64,500",4X2,מיני,האצ'בק,עירוני,לא,1,מרכז,מעל 5 שנים,אי שביעות רצון מהרכב הקודם,כן,"אמינות, גודל(קטן)"
28-40,זכר,5,פרטי,אוטומט,יונדאי,i10,Inspire,2019,בנזין,1.2,"54,900",4X2,מיני,האצ'בק,עירוני,לא,אין,מרכז,מעל 5 שנים,שידרוג רכב,כן,"אמינות, גודל(קטן)"
40-60,זכר,5,פרטי,אוטומט,יונדאי,סונטה הייבריד,Premium,2016,בנזין,2,"82,400",4X2,מנהלים,סדאן,בין-עירוני,לא,2,מחוז ירושלים,מעל 5 שנים,שידרוג רכב,כן,"שירות, אמינות, גודל(גדול)"
40-60,זכר,5,פרטי,אוטומט,סקודה,סופרב,Style,2016,בנזין,1.8,"99,100",4X2,מנהלים,סדאן,משולב,לא,2,דרום,מעל 5 שנים,שידרוג רכב,כן,"אמינות, בטיחות, גודל(גדול)"
40-60,זכר,5,פרטי,אוטומט,סקודה,סופרב,Elegance,2014,בנזין,2,"55,300",4X2,מנהלים,סדאן,בין-עירוני,לא,3,דרום,מעל 5 שנים,שידרוג רכב,כן,אמינות
40-60,זכר,5,פרטי,אוטומט,מאזדה ,6,Luxury,2021,בנזין,2,"139,000",4X2,מנהלים,סדאן,עירוני,לא,3,דרום,מעל 5 שנים,שידרוג רכב,כן,"שירות, אמינות, גודל(גדול)"
40-60,זכר,8,מסחרי,אוטומט,פולקסווגן,טרנספורטר,קצר,2006,דיזל,2.5,"12,800",4X2,מסחרי,משא אחוד,עירוני,לא,5,צפון,מעל 5 שנים,הרחבת המשפחה,כן,"מחיר, אמינות, גודל(גדול)"
28-40,זכר,5,מסחרי,ידני,רנו,קנגו,Authentiq,2012,דיזל,1.5,"17,500",4X2,מסחרי,קומבי,משולב,העברת ציוד,3,מרכז,מעל 5 שנים,אחר,כן,"מחיר, אמינות, גודל(גדול)"
40-60,זכר,5,פרטי,אוטומט,פולקסווגן,פאסאט,Comfortline,2016,בנזין,1.8,"76,200",4X2,מנהלים,סדאן,משולב,לא,2,מרכז,מעל 5 שנים,שידרוג רכב,כן,"אמינות, בטיחות, גודל(גדול)"
40-60,זכר,5,פרטי,אוטומט,ביואיק,לה קרוס,CX,2010,בנזין,3,"34,400",4X2,מנהלים,סדאן,משולב,לא,2,דרום,מעל 5 שנים,שידרוג רכב,כן,"מחיר, אמינות, בטיחות, גודל(גדול)"
40-60,זכר,5,פרטי,אוטומט,שברולט,מאליבו,LT,2015,בנזין,2,"49,700",4X2,מנהלים,סדאן,משולב,לא,2,יהודה ושומרון ובקעת הירדן,מעל 5 שנים,שידרוג רכב,כן,"מחיר, אמינות, גודל(גדול)"
28-40,נקבה,5,פרטי,אוטומט,סקודה,סופרב,Elegance,2012,דיזל,2,"59,700",4X2,מנהלים,סדאן,בין-עירוני,לא,3,דרום,מעל 5 שנים,אי שביעות רצון מהרכב הקודם,כן,"מחיר, אמינות, בטיחות, גודל(גדול)"
40-60,זכר,7,מסחרי,אוטומט,מרצדס,V-Class,V220 Trend A3,2017,דיזל,2.1,"165,900",4X2,מסחרי,קומבי,עירוני,הסעת נוסעים,3,מרכז,מעל 5 שנים,שידרוג רכב,כן,"אמינות, גודל(גדול)"
40-60,זכר,11+,מסחרי,ידני,פולקסווגן,טרנספורטר,Kombi,2010,דיזל,2,"27,800",4X2,מסחרי,קומבי,עירוני,הסעת נוסעים,3,דרום,מעל 5 שנים,שידרוג רכב,כן,"אמינות, גודל(גדול)"
28-40,זכר,7,פרטי,אוטומט,סיטרואן,C4 פיקאסו,Comfort PK,2014,בנזין,1.6,"39,600",4X2,מיניוואן,סטיישן,עירוני,לא,4,צפון,מעל 5 שנים,הרחבת המשפחה,כן,"מחיר, אמינות, בטיחות, גודל(גדול)"
28-40,נקבה,5,פרטי,אוטומט,סיטרואן,C4 פיקאסו,Comfort PK,2014,דיזל,1.6,"33,400",4X2,מיניוואן,סטיישן,עירוני,לא,4,מרכז,מעל 5 שנים,הרחבת המשפחה,כן,"מחיר, אמינות, גודל(גדול)"
40-60,זכר,7,פרטי,ידני,דאצ'יה,לודג'י,Laureate,2017,בנזין,1.2,"36,500",4X2,מיניוואן,סטיישן,עירוני,לא,4,שפלה ומישור החוף הדרומי,מעל 5 שנים,הרחבת המשפחה,כן,"מחיר, אמינות, בטיחות, גודל(גדול)"
40-60,נקבה,7,פרטי,אוטומט,פיג'ו,5008,Premium PK,2012,בנזין,1.6,"18,200",4X2,מיניוואן,סטיישן,עירוני,לא,4,מרכז,מעל 5 שנים,הרחבת המשפחה,כן,"מחיר, אמינות, גודל(גדול)"
40-60,זכר,8,פרטי,אוטומט,טויוטה,סיינה,LE,2009,בנזין,3.5,"75,100",4X2,מיניוואן,סטיישן,עירוני,לא,5,מחוז ירושלים,מעל 5 שנים,הרחבת המשפחה,כן,"אמינות, בטיחות, גודל(גדול)"
40-60,זכר,7,פרטי,אוטומט,פורד,S-מקס,Titanium,2012,בנזין,2,"33,800",4X2,מיניוואן,סטיישן,עירוני,לא,4,מחוז ירושלים,מעל 5 שנים,הרחבת המשפחה,כן,"מחיר, אמינות, גודל(גדול)"
40-60,זכר,7,פרטי,אוטומט,אופל,זאפירה,Tourer Enjoy,2018,בנזין,1.4,"67,800",4X2,מיניוואן,סטיישן,עירוני,לא,4,יהודה ושומרון ובקעת הירדן,מעל 5 שנים,הרחבת המשפחה,כן,"אמינות, בטיחות, גודל(גדול)"
40-60,נקבה,7,פרטי,אוטומט,טויוטה,ורסו,GLI,2017,בנזין,1.8,"79,700",4X2,מיניוואן,סטיישן,עירוני,לא,5,מרכז,מעל 5 שנים,הרחבת המשפחה,כן,"אמינות, גודל(גדול)"
40-60,זכר,7,פרטי,אוטומט,קרייזלר,גראנד וויאג'ר,Touring LS,2011,בנזין,3.8,"40,200",4X2,מיניוואן,סטיישן,עירוני,לא,5,מרכז,מעל 5 שנים,הרחבת המשפחה,כן,"שירות, אמינות, בטיחות, גודל(גדול)"
40-60,נקבה,7,פרטי,אוטומט,מאזדה,5,S,2006,בנזין,2,"14,900",4X2,מיניוואן,האצ'בק,עירוני,לא,4,שפלה ומישור החוף הדרומי,מעל 5 שנים,הרחבת המשפחה,כן,"מחיר, גודל(גדול)"
28-40,נקבה,6,פרטי,אוטומט,מאזדה,MPV,V6 Karakuri,2006,בנזין,3,"16,000",4X2,מיניוואן,סטיישן,עירוני,לא,4,מרכז,מעל 5 שנים,הרחבת המשפחה,כן,"מחיר, גודל(גדול)"
40-60,נקבה,7,פרטי,אוטומט,פורד,S-מקס,Trend,2015,בנזין,2,"33,800",4X2,מיניוואן,סטיישן,עירוני,לא,5,מחוז ירושלים,מעל 5 שנים,הרחבת המשפחה,כן,"מחיר, אמינות, גודל(גדול)"
28-40,נקבה,7,פרטי,אוטומט,סאנגיונג,רודיוס,DLX,2013,דיזל,2,"46,000",4X2,מיניוואן,סטיישן,עירוני,לא,4,צפון,מעל 5 שנים,הרחבת המשפחה,כן,"שירות, גודל(גדול)"
28-40,נקבה,7,פרטי,אוטומט,מאזדה,5,Executive,2008,בנזין,2,"27,300",4X2,מיניוואן,האצ'בק,עירוני,לא,4,מחוז ירושלים,מעל 5 שנים,הרחבת המשפחה,כן,"מחיר, אמינות, בטיחות, גודל(גדול)"
28-40,זכר,7,פרטי,אוטומט,פורד,גלאקסי,Titanium,2012,בנזין,2,"26,600",4X2,מיניוואן,סטיישן,עירוני,לא,5,שרון,מעל 5 שנים,הרחבת המשפחה,כן,"מחיר, גודל(גדול)"
40-60,נקבה,6,פרטי,אוטומט,מאזדה,MPV,V6 Karakuri,2005,בנזין,3,"14,700",4X2,מיניוואן,סטיישן,עירוני,לא,4,מרכז,מעל 5 שנים,שידרוג רכב,כן,"מחיר, אמינות, גודל(גדול)"
40-60,זכר,5,פרטי,ידני,פיג'ו,308,GTI,2017,בנזין,1.6,"109,100",4X2,ספורט,האצ'בק,משולב,לא,2,מרכז,מעל 5 שנים,אחר,לא,"שירות, אמינות"
17-27,זכר,5,פרטי,ידני,סיאט,איביזה,Cupra,2017,בנזין,1.8,"82,200",4X2,ספורט,האצ'בק,בין-עירוני,לא,אין,מרכז,מעל 5 שנים,אחר,לא,אמינות
28-40,זכר,5,פרטי,אוטומט,פולקסווגן,גולף,GTI,2016,בנזין,2,"138,900",4X2,ספורט,האצ'בק,משולב,לא,אין,דרום,מעל 5 שנים,שידרוג רכב,לא,"שירות, אמינות"
40-60,זכר,5,פרטי,אוטומט,שברולט,אימפלה,LTZ,2015,בנזין,3.6,"90,300",4X2,מנהלים,סדאן,עירוני,לא,3,מחוז ירושלים,מעל 5 שנים,שידרוג רכב,כן,"אמינות, בטיחות, גודל(גדול)"
28-40,זכר,5,פרטי,אוטומט,יונדאי,סונטה הייבריד,Limited,2016,היברידי,2,"87,600",4X2,מנהלים,סדאן,משולב,לא,3,שפלה ומישור החוף הדרומי,מעל 5 שנים,שידרוג רכב,כן,"אמינות, בטיחות, גודל(גדול)"
28-40,נקבה,5,פרטי,אוטומט,לקסוס,IS300h,Luxury,2014,בנזין,2.5,"68,500",4X2,מנהלים,סדאן,עירוני,לא,2,דרום,מעל 5 שנים,שידרוג רכב,כן,"שירות, אמינות, בטיחות"
40-60,זכר,5,פרטי,אוטומט,ניסאן,מקסימה,SL,2019,בנזין,3.5,"145,500",4X2,מנהלים,סדאן,משולב,לא,2,צפון,מעל 5 שנים,שידרוג רכב,כן,"אמינות, בטיחות, גודל(גדול)"
28-40,זכר,5,פרטי,אוטומט,הונדה,אקורד,Comfort,2008,בנזין,2,"24,600",4X2,מנהלים,סדאן,משולב,לא,2,צפון,מעל 5 שנים,אי שביעות רצון מהרכב הקודם,כן,"מחיר, אמינות, גודל(גדול)"
28-40,נקבה,5,פרטי,אוטומט,פיג'ו,508,Access,2015,בנזין,1.6,"34,600",4X2,מנהלים,סדאן,משולב,לא,1,מרכז,מעל 5 שנים,אי שביעות רצון מהרכב הקודם,כן,"מחיר, אמינות, גודל(גדול)"
28-40,זכר,5,פרטי,אוטומט,וולוו,S60,T5 Kinetic,2016,בנזין,2,"69,800",4X2,מנהלים,סדאן,משולב,לא,2,דרום,מעל 5 שנים,שידרוג רכב,כן,"מחיר, אמינות, בטיחות, גודל(גדול)"
40-60,זכר,5,פרטי,אוטומט,לקסוס,GS300,Premium,2011,בנזין,3,"48,200",4X2,מנהלים,סדאן,עירוני,לא,2,מרכז,מעל 5 שנים,שידרוג רכב,כן,"אמינות, בטיחות, גודל(גדול)"
28-40,נקבה,5,פרטי,אוטומט,אופל,אינסיגניה,Edition,2015,בנזין,1.6,"43,500",4X2,מנהלים,האצ'בק,משולב,לא,3,צפון,מעל 5 שנים,שידרוג רכב,כן,"מחיר, אמינות"
40-60,זכר,5,פרטי,אוטומט,סקודה,סופרב,Elegance,2014,בנזין,2,"55,300",4X2,מנהלים,סדאן,בין-עירוני,לא,3,דרום,מעל 5 שנים,שידרוג רכב,כן,אמינות
28-40,זכר,5,פרטי,אוטומט,טויוטה,קאמרי,LE,2019,בנזין,2.5,"102,100",4X2,מנהלים,סדאן,עירוני,לא,2,שרון,מעל 5 שנים,שידרוג רכב,כן,"אמינות, בטיחות, גודל(גדול)"
28-40,זכר,5,פרטי,אוטומט,לקסוס,IS300h,Luxury SR,2018,היברידי,2.5,"130,000",4X2,מנהלים,סדאן,עירוני,לא,1,צפון,מעל 5 שנים,שידרוג רכב,כן,"שירות, אמינות, בטיחות"
28-40,נקבה,5,פרטי,אוטומט,טויוטה,אוונסיס,אוט,2015,בנזין,2,"45,900",4X2,מנהלים,סדאן,עירוני,לא,2,מרכז,מעל 5 שנים,שידרוג רכב,כן,"מחיר, אמינות, בטיחות, גודל(גדול)"
28-40,זכר,5,פרטי,אוטומט,יונדאי,סונטה,Executive,2009,בנזין,2,"19,400",4X2,מנהלים,סדאן,משולב,לא,1,דרום,מעל 5 שנים,מצב כלכלי,כן,"מחיר, אמינות, גודל(גדול)"
28-40,זכר,5,פרטי,אוטומט,פולקסווגן,פאסאט,Comfortline,2016,בנזין,1.8,"76,200",4X2,מנהלים,סדאן,עירוני,לא,2,צפון,מעל 5 שנים,שידרוג רכב,כן,"שירות, אמינות, בטיחות, גודל(גדול)"
28-40,זכר,5,פרטי,אוטומט,טויוטה,C-HR,Chic,2018,בנזין,1.8,"98,700",4X2,קרוסאובר,פנאי שטח,עירוני,לא,2,דרום,מעל 5 שנים,אי שביעות רצון מהרכב הקודם,כן,"אמינות, בטיחות, גודל(גדול)"
28-40,נקבה,5,פרטי,אוטומט,פיג'ו,2008,Active,2014,בנזין,1.6,"29,700",4X2,קרוסאובר,האצ'בק,עירוני,לא,2,מרכז,מעל 5 שנים,אי שביעות רצון מהרכב הקודם,כן,"מחיר, אמינות, בטיחות, גודל(גדול)"
40-60,נקבה,5,פרטי,אוטומט,סוזוקי,ויטרה,GLXV T2,2017,בנזין,1.6,"79,300",4X4,קרוסאובר,פנאי שטח,עירוני,לא,3,דרום,מעל 5 שנים,הרחבת המשפחה,כן,"אמינות, בטיחות, גודל(גדול)"
40-60,נקבה,5,פרטי,אוטומט,סיאט,אטקה,Style Plus,2018,בנזין,1.4,"73,600",4X4,קרוסאובר,פנאי שטח,משולב,לא,2,שרון,מעל 5 שנים,שידרוג רכב,כן,"אמינות, גודל(גדול)"
40-60,נקבה,5,פרטי,אוטומט,סוזוקי,SX4 קרוסאובר,GLX,2014,בנזין,1.6,"48,900",4X2,קרוסאובר,האצ'בק,עירוני,לא,4,צפון,מעל 5 שנים,שידרוג רכב,כן,"שירות, אמינות, בטיחות"
40-60,זכר,5,פרטי,אוטומט,סוזוקי,ויטרה,GLX,2016,בנזין,1.6,"66,500",4X2,קרוסאובר,פנאי שטח,משולב,לא,3,דרום,מעל 5 שנים,שידרוג רכב,כן,"שירות, אמינות, בטיחות"
40-60,נקבה,5,פרטי,אוטומט,רנו,קדגא'ר,Intense,2019,בנזין,1.2,"95,300",4X2,קרוסאובר,פנאי שטח,בין-עירוני,לא,3,שרון,מעל 5 שנים,שידרוג רכב,כן,"שירות, אמינות, בטיחות"
40-60,נקבה,5,פרטי,אוטומט,סוזוקי,SX4 קרוסאובר,GLX,2017,בנזין,1.4,"69,400",4X2,קרוסאובר,האצ'בק,משולב,לא,2,דרום,מעל 5 שנים,שידרוג רכב,כן,"אמינות, בטיחות, גודל(גדול)"
28-40,זכר,5,פרטי,אוטומט,פיג'ו,2008,Active,2017,בנזין,1.2,"55,900",4X2,קרוסאובר,האצ'בק,עירוני,לא,2,מחוז ירושלים,מעל 5 שנים,שידרוג רכב,כן,"אמינות, בטיחות, גודל(גדול)"
40-60,זכר,5,פרטי,אוטומט,סוזוקי,איגניס,GLX,2020,בנזין,1.2,"73,800",4X2,קרוסאובר,האצ'בק,עירוני,לא,3,דרום,מעל 5 שנים,אי שביעות רצון מהרכב הקודם,כן,"שירות, אמינות, בטיחות"
60+,נקבה,5,פרטי,אוטומט,סוזוקי,איגניס,GLX,2020,בנזין,1.2,"73,800",4X2,קרוסאובר,האצ'בק,עירוני,לא,3,שפלה ומישור החוף הדרומי,מעל 5 שנים,אי שביעות רצון מהרכב הקודם,כן,"שירות, אמינות, בטיחות"
40-60,נקבה,5,פרטי,אוטומט,סיאט,ארונה,FR,2019,בנזין,1,"88,500",4X2,קרוסאובר,פנאי שטח,עירוני,לא,2,מרכז,מעל 5 שנים,שידרוג רכב,כן,"שירות, אמינות, בטיחות, גודל(גדול)"
40-60,נקבה,5,פרטי,אוטומט,סיאט,ארונה,Style,2020,בנזין,1,"89,200",4X2,קרוסאובר,פנאי שטח,עירוני,לא,2,צפון,מעל 5 שנים,שידרוג רכב,כן,"שירות, אמינות, בטיחות, גודל(גדול)"
40-60,נקבה,5,פרטי,אוטומט,קיה,סטוניק,Premium,2019,בנזין,1,"89,900",4X2,קרוסאובר,האצ'בק,עירוני,לא,2,"חדרה, זכרון העמקים",מעל 5 שנים,אי שביעות רצון מהרכב הקודם,כן,"שירות, אמינות, בטיחות"
28-40,נקבה,5,פרטי,אוטומט,מאזדה,CX-5,Luxury,2012,בנזין,2,"56,600",4X2,קרוסאובר,פנאי שטח,עירוני,לא,3,מרכז,מעל 5 שנים,שידרוג רכב,כן,"מחיר, אמינות, בטיחות, גודל(גדול)"
28-40,נקבה,5,פרטי,אוטומט,מאזדה,CX-5,Executive,2012,בנזין,2,"52,200",4X2,קרוסאובר,פנאי שטח,עירוני,לא,3,צפון,מעל 5 שנים,שידרוג רכב,כן,"מחיר, אמינות, בטיחות, גודל(גדול)"
40-60,זכר,5,פרטי,אוטומט,טויוטה,C-HR,Chic,2017,היברידי,1.8,"89,700",4X2,קרוסאובר,פנאי שטח,עירוני,לא,3,צפון,מעל 5 שנים,אי שביעות רצון מהרכב הקודם,כן,"אמינות, בטיחות, גודל(גדול)"
60+,זכר,5,פרטי,אוטומט,דאצ'יה,דאסטר,Laureate,2018,דיזל,1.5,"54,900",4X2,קרוסאובר,פנאי שטח,עירוני,לא,2,מרכז,מעל 5 שנים,שידרוג רכב,כן,"מחיר, אמינות, בטיחות, גודל(גדול)"
28-40,זכר,5,פרטי,ידני,טויוטה,קורולה,GLI,2013,בנזין,1.6,"35,400",4X2,משפחתי,סדאן,בין-עירוני,לא,אין,דרום,כל חצי שנה או פחות,אי שביעות רצון מהרכב הקודם,כן,"מחיר, אמינות"
17-27,נקבה,5,פרטי,אוטומט,סקודה,פאביה,Style,2015,בנזין,1.2,"55,200",4X2,מיני,האצ'בק,בין-עירוני,לא,אין,שפלה ומישור החוף הדרומי,בין 1-2 שנים,שידרוג רכב,כן,"שירות, מחיר, אמינות"
40-60,נקבה,7,פרטי,אוטומט,שברולט,טראוורס,LTZ,2018,בנזין,3.6,"155,300",4X4,ג'יפ,פנאי שטח,משולב,לא,4,יהודה ושומרון ובקעת הירדן,מעל 5 שנים,שידרוג רכב,כן,"שירות, מחיר, אמינות, בטיחות, גודל(גדול)"
40-60,זכר,5,פרטי,אוטומט,מאזדה,CX-5,Luxury,2013,בנזין,2,"61,800",4X2,ג'יפ,פנאי שטח,משולב,לא,2,שרון,מעל 5 שנים,שידרוג רכב,כן,"מחיר, בטיחות, גודל(גדול)"
28-40,נקבה,5,פרטי,אוטומט,סוזוקי,SX4,GLX-HB,2009,בנזין,1.6,"23,000",4X2,משפחתי,האצ'בק,עירוני,לא,1,מחוז ירושלים,מעל 5 שנים,אי שביעות רצון מהרכב הקודם,כן,"מחיר, בטיחות"
40-60,זכר,4,פרטי,אוטומט,ב.מ.וו,סדרה 2,220I Business,2016,בנזין,2016,"97,000",4X2,מנהלים,קבריולט,משולב,לא,1,מרכז,מעל 5 שנים,אי שביעות רצון מהרכב הקודם,כן,"שירות, בטיחות"
28-40,נקבה,4,פרטי,אוטומט,פיאט,500,Lounge,2016,בנזין,1.2,"36,600",4X2,מיני,האצ'בק,עירוני,לא,אין,מרכז,מעל 5 שנים,שידרוג רכב,כן,"בטיחות, גודל(קטן)"
17-27,זכר,5,פרטי,אוטומט,יונדאי,i30CW,Inspire,2010,בנזין,1.6,"17,200",4X2,משפחתי,סטיישן,עירוני,לא,1,יהודה ושומרון ובקעת הירדן,מעל 5 שנים,אי שביעות רצון מהרכב הקודם,כן,"שירות, מחיר, בטיחות"
17-27,זכר,5,פרטי,אוטומט,יונדאי,i20,Inspire,2011,בנזין,1.4,"24,500",4X2,מיני,האצ'בק,בין-עירוני,לא,1,מרכז,בין 3-5,אי שביעות רצון מהרכב הקודם,כן,"שירות, בטיחות, גודל(קטן)"
17-27,נקבה,5,פרטי,אוטומט,סוזוקי,סלריו,GLX,2017,בנזין,1,"36,800",4X2,מיני,האצ'בק,משולב,לא,אין,צפון,בין 3-5,שידרוג רכב,כן,"מחיר, בטיחות, גודל(קטן)"
28-40,נקבה,5,פרטי,אוטומט,פולקסווגן,פולו,Trendline,2016,בנזין,1.2,"53,500",4X2,מיני,האצ'בק,בין-עירוני,לא,1,צפון,מעל 5 שנים,שידרוג רכב,כן,"שירות, מחיר, בטיחות, גודל(קטן)"
40-60,זכר,5,פרטי,אוטומט,סיאט,איביזה,Style,2012,בנזין,1.2,"29,900",4X2,מיני,האצ'בק,בין-עירוני,לא,1,מחוז ירושלים,מעל 5 שנים,אי שביעות רצון מהרכב הקודם,כן,"מחיר, אמינות, בטיחות, גודל(קטן)"
40-60,נקבה,5,פרטי,אוטומט,סקודה,פאביה,Style,2015,בנזין,1.2,"55,200",4X2,מיני,האצ'בק,עירוני,לא,3,"חדרה, זכרון העמקים",מעל 5 שנים,שידרוג רכב,כן,"שירות, מחיר, אמינות, בטיחות, גודל(קטן)"
